2.49635,0.4048369,6.763361,6.847566,8.095529,4.70702,11.13643,8.34254,8.205181,4.577809,11.6909,20.99415,18.5089,12.97473,15.21787,16.50423,12.90897,16.8203,17.31231,11.84334,13.75712,15.72161,17.04529,14.42693,19.02078,12.44707,13.92485,18.07559,17.83508,16.8993,13.81774,6.56969,5.076467,4.4144,5.459193,8.997114,8.676203,20.10591,18.03502,20.67145,
16.18759,3.098006,5.82897,8.567435,6.089067,10.76296,9.943419,5.304215,8.846368,8.223357,9.174303,5.577528,11.07775,17.83552,14.23459,17.40667,16.72392,16.49273,10.14085,20.17123,17.86413,16.97204,14.76252,13.86706,11.56493,16.06684,12.71346,18.77586,17.00634,17.86054,16.79485,19.28275,16.95463,12.47137,8.513885,12.05414,5.832844,8.471151,6.675364,19.52854,
15.84413,16.66625,6.348829,6.443968,6.067392,9.482239,5.346027,7.784979,10.00632,7.082245,8.462391,5.30475,7.81052,7.10602,6.319297,7.24915,15.53667,13.38217,12.31211,17.59418,11.72599,19.1065,15.0794,15.63866,18.8037,14.02249,13.91085,19.82021,19.60052,17.17613,16.23059,20.20947,14.85194,8.854399,4.326756,4.91441,6.188361,7.69109,7.834766,11.99479,
18.04695,14.38339,13.18583,6.252578,8.443311,5.92217,10.1373,8.780887,8.360629,5.904203,11.4584,10.91702,6.416853,8.045328,7.152105,5.16803,8.901634,8.050957,8.011447,15.4633,13.72879,18.74638,18.63537,15.77544,16.9593,15.29622,15.17962,20.8873,19.32865,19.43171,21.00899,15.24386,18.57929,9.630772,12.71937,3.7028,7.802187,5.89949,5.036491,7.422111,
14.79364,15.13548,14.97147,13.74655,13.37764,6.372326,6.35918,5.869617,3.651781,6.19093,8.178945,9.563874,7.315678,7.559739,4.870891,11.01358,7.666285,6.338015,5.543807,7.384046,15.37954,16.36058,14.93129,13.15152,13.00092,15.35237,14.94586,16.14585,12.82305,15.27393,13.28185,16.85378,10.21763,8.846645,7.697073,8.180894,9.752409,9.236872,7.350943,12.13014,
15.80884,13.53807,11.32156,16.8584,16.85887,6.549091,7.179473,7.910778,7.692924,6.644796,9.768048,8.989101,9.019784,5.497765,6.740135,7.659239,5.80658,6.752373,11.00854,9.22678,6.776293,9.756131,16.96603,15.39532,13.63042,19.73075,13.12106,18.58265,19.06387,12.80772,18.25788,4.961115,3.75062,10.06961,5.931233,9.01597,9.502192,5.547014,7.584021,8.295988,
18.95113,13.47303,8.567542,12.0183,14.54432,12.68749,13.07608,15.55452,8.178869,7.166506,6.439438,6.260172,4.644685,5.541412,6.29611,8.879369,6.548288,8.382257,5.449022,6.668436,6.209759,8.055112,6.635559,7.144867,12.69785,8.037497,9.355775,9.836006,13.87115,7.623157,7.926024,8.534692,3.88853,8.872357,8.180947,7.186604,6.656255,4.362119,7.445355,8.556603,
6.627664,19.89297,6.361867,5.690449,9.491779,19.46921,16.32367,16.05684,13.56466,12.90806,5.755182,7.260472,10.7466,8.988006,6.713577,7.955851,5.778042,10.75925,5.976414,7.996315,10.06425,10.03565,7.337855,8.020696,7.246305,9.598849,16.06815,9.276512,9.6878,10.56364,8.348643,8.752764,4.527023,6.274378,9.704943,9.652548,7.113565,5.44432,4.145102,6.551716,
14.54594,17.80084,15.25054,12.98802,13.65093,16.35755,16.96797,16.85907,17.60362,19.12786,6.897527,8.096806,6.069405,8.426185,9.337866,7.29354,9.588448,7.109941,7.123145,8.20907,5.808351,9.677237,9.347906,8.280872,6.490538,11.39065,6.076076,7.172753,8.419468,6.612503,11.07784,5.654902,5.321682,8.832116,12.26706,8.531757,8.650668,6.299082,4.359961,7.169322,
15.33325,11.67789,15.22326,14.54711,14.24333,15.90474,11.87149,18.40414,16.52636,12.201,3.353646,7.883276,3.174061,4.963755,6.656957,8.165546,7.330091,4.886798,7.032459,8.623207,6.007514,6.109718,9.446672,6.540146,8.053682,9.782974,7.446643,6.978807,8.822548,6.557983,4.997981,5.306917,8.404151,6.516595,9.094944,7.371501,5.712315,10.56365,4.904353,8.827027,
19.97617,13.62117,14.24847,15.93355,15.18068,15.00657,21.97182,17.10415,17.18989,2.049109,1.348164,2.280751,9.498519,5.834395,5.894263,7.88202,10.61839,7.701742,7.399104,9.437629,11.1226,9.705567,7.105942,5.656769,9.953993,6.891035,8.28519,6.638954,11.71638,5.783738,8.238717,8.785991,4.328695,5.686943,10.95411,9.531595,4.170813,6.360764,6.044392,8.048023,
11.28588,16.38152,13.40896,17.44028,15.2778,13.69183,13.0531,12.37021,14.39264,0,2.093588,0,7.088973,9.573458,8.327323,5.417011,6.789854,6.042706,8.724085,6.231661,8.539868,12.22131,6.854516,10.91387,10.54742,8.585544,12.33471,6.474414,9.611606,7.058046,8.001784,7.832838,9.790949,7.521892,10.91025,5.414912,7.736094,9.392571,11.9966,6.854246,
13.36079,16.83235,15.19275,19.08407,16.44776,15.78684,15.52779,15.46454,3.126155,0.1321438,2.046585,0.6265296,0.004764976,8.742022,6.267238,2.757697,7.612181,10.9136,10.91638,6.935591,8.019688,6.512571,5.225136,7.707088,10.64837,7.624228,6.845138,9.94073,6.972533,11.33937,4.959392,8.347677,8.328865,6.619183,7.165079,3.604199,8.070062,10.1484,9.048634,10.6039,
18.80248,16.77187,18.07839,11.69093,15.47302,16.44353,18.71887,17.44181,0.4643163,0,0.9820051,2.443501,0,6.347468,5.235384,6.317843,9.391846,10.69025,4.105853,8.707714,7.177895,8.348851,10.22917,6.195352,4.857858,8.455032,7.411674,8.669833,10.35735,4.972091,8.551626,9.331813,8.748409,7.851945,8.632202,10.23116,6.592972,6.116886,5.408193,8.258181,
13.95123,15.53879,11.05553,13.92694,14.70305,15.68147,12.44624,6.1723,0.9144021,1.718635,0.7476442,1.26371,0.3632946,1.854211,9.164286,3.667157,6.76121,7.254085,8.129248,8.691198,9.598042,8.551674,9.036753,7.141135,8.273891,5.09838,3.865335,0.184798,7.241528,7.671124,5.906921,10.66393,6.276701,7.751224,6.618815,7.165021,6.832849,5.525606,9.625435,10.51456,
15.19104,15.03166,14.49606,13.68945,17.71895,12.07742,14.80836,1.378838,0,0.9993851,0.07598256,1.996102,1.385746,0,0.5615503,7.162634,5.05053,10.60382,7.084556,8.606922,8.066933,10.81171,4.463171,5.596709,6.324735,9.640725,10.8236,7.874123,5.986746,6.341395,9.971813,3.427961,8.925872,11.73185,5.814553,10.60855,12.30866,8.70055,7.39264,7.241057,
16.34487,12.95948,20.23726,18.71642,15.82269,13.84652,8.620431,0.5995092,1.419339,0.3465153,0,0.9304315,0.6952719,0.0544491,0.4930649,0,2.591028,11.54723,7.062331,7.610585,8.215633,6.956175,9.914793,8.081915,4.605033,4.097983,5.364937,6.074008,8.238064,9.046964,4.885608,5.979504,9.552592,7.198738,5.28486,8.200143,8.89091,5.868073,9.931857,7.269931,
12.22921,19.66149,11.88821,14.12416,16.94678,13.93939,0.4212167,1.868733,0,0.4525636,1.034628,0,0.845656,0.7296242,1.333095,0,0.9255151,1.209175,0.6724836,4.107352,9.239638,8.678821,9.455742,7.677607,5.290679,8.496655,8.604665,7.725355,4.441294,5.880495,6.271849,10.12803,7.632183,10.8917,5.270523,10.19985,6.924088,7.105567,2.942276,5.225782,
17.57019,12.60394,17.01118,11.17959,10.97192,0,0.06904358,0.1322354,3.312752,0,0,0.8546146,0.9276415,0.1417031,0.1109998,1.002625,1.134361,0,0.2590835,1.5582,5.588304,4.499036,9.244433,5.897778,7.326047,8.3902,6.343152,11.61235,8.864218,7.318665,9.252396,7.858603,8.385752,8.419546,6.061083,4.834515,6.824056,8.633936,7.64236,6.920979,
13.31251,17.86565,10.67123,13.95942,1.018386,2.42538,0.2474115,0.1036268,3.036964,0.7244696,0,1.865866,0,0.6201659,0,0.530803,0.366408,0.4635904,0.4760092,0.9906716,11.39531,7.664473,4.442693,6.931461,4.563208,7.694022,7.667365,7.423563,5.635588,8.006233,6.660125,6.103453,6.763766,7.761465,5.490951,10.3235,6.899259,6.577811,8.865082,8.13702,
15.5763,12.37531,18.06639,4.199475,0.9375335,0.08196181,0,0.1018934,0,0.3743477,0,0.8668154,0,0.0378509,0.3477687,0,0.1008184,0,0,1.270661,2.145727,7.249871,9.343364,8.083021,8.880262,8.743216,8.589665,6.636262,5.287663,7.529,6.625694,9.489126,7.475799,8.126562,7.113243,9.577161,11.22814,8.958574,10.11541,3.534583,
12.36319,15.68482,14.67667,0.3400362,0,1.116436,0.790278,0.01250618,0,0.4290613,0,0,0.291591,0.151337,0.7442797,0.444607,1.005929,0,0,0.6194986,1.383837,7.050913,11.62497,6.447699,5.280115,8.735474,6.755028,8.896761,8.095784,5.290528,6.020184,8.628349,11.23294,3.910032,6.278986,8.605101,6.696321,5.51033,9.60262,9.771666,
14.82792,14.64992,13.45312,0.5432307,1.281468,1.253856,0.004192423,0,0,0.8907535,1.357129,0,0.6900032,0,2.13969,0.583661,1.362784,0,0.5230483,0.323804,0.2484982,2.852609,9.143702,6.312325,12.63393,25.72939,8.697002,5.273604,6.229265,10.6946,6.547586,13.03452,4.739643,7.864416,6.949838,5.703557,6.431098,4.671288,8.603062,10.0444,
11.17376,20.67773,3.511368,1.362071,1.262534,0,0.1344128,0.2878698,0.5418343,0,0.4639412,0.9650525,1.839827,1.226949,0.1870872,0.4129191,1.118809,0,0,0.3649718,0.2299353,1.233754,10.60345,29.78746,40.89655,35.15586,34.66658,37.08664,41.98433,37.5728,35.59986,38.79003,12.99101,4.881101,10.50908,4.043671,6.410526,5.92926,6.499106,7.573005,
18.21702,10.38693,5.93597,0.560764,0.6463159,0,1.921693,0.6010913,0,1.165142,0.3935056,0,0,1.932847,0.9561654,0.3196528,0.4101876,0.4891483,0.9115335,0.92181,0.2622452,1.166544,20.0449,38.03949,38.01702,40.59432,37.93506,43.86988,33.85194,40.58697,43.2411,35.99765,34.64617,3.642992,6.594935,11.47063,6.445281,9.87851,7.392992,11.02554,
13.92218,37.77617,38.97061,0,0,0,0.3747093,0.8483394,0,0.3598584,0.1598788,0.3072944,1.512384,1.705297,0.08956063,0,0,1.670011,0.3046492,0.5252199,1.850673,7.355055,36.4482,34.93581,39.05182,37.30676,36.49556,36.22958,35.64981,40.49728,34.77355,42.49537,37.50648,9.863187,9.822846,7.143975,8.177657,7.219084,7.546511,8.617247,
18.76107,31.14954,43.06011,40.1675,1.272863,0.6875347,0.2891259,0,0.6637256,0.7409247,1.693043,1.637077,0.6725194,1.127171,1.983701,0.5387786,0.3485515,1.16859,0,0.7671511,1.138044,0,13.7403,38.62382,37.89815,29.42885,42.39553,42.81379,36.25395,34.59635,42.42765,38.62352,39.03489,35.94183,7.186184,6.843599,7.552451,8.782465,5.648636,8.620272,
8.218453,4.709742,1.429488,2.872442,2.700512,0.3156989,0,0,1.18326,0.4718065,0,0,0.9398979,0.2550109,1.715895,0.5419813,0,1.195651,1.300454,0.8823598,1.713869,8.233652,34.41691,42.81702,38.24693,42.96452,40.52715,36.18842,38.54624,36.94759,34.60957,39.04276,40.64313,40.47176,7.729743,8.158549,2.807931,10.97643,9.741328,8.987097,
10.87363,0,1.208112,0,0.1418231,0,1.203761,0.03195856,0.5046473,1.443681,0.7439746,0.9246321,0.7925269,0.6803665,0,0,0,0.8789552,2.500522,4.293724,6.341538,8.329062,37.57463,41.00698,37.60618,42.20031,42.4661,38.4884,35.11105,41.95683,44.42587,41.77485,43.85597,40.49431,28.55849,7.773549,8.453013,7.727299,7.438126,7.21514,
6.201738,0.03952039,0,0.684571,1.514015,0,0.03910069,1.847864,0.8569035,0.289854,0.9356862,0.6756392,1.62469,2.10563,1.054704,0,0,1.230702,3.543071,4.863551,6.898986,7.807642,12.45461,41.9366,44.04031,44.22243,42.0162,41.70605,39.89803,42.77779,46.91694,44.79176,36.0455,39.90417,38.29778,3.980919,8.263427,7.010789,6.036722,6.831346,
