Site,Map,Phase,Spot,Row,Col,Window
MH0811b_OPX_000,MH0811b,Orthopyroxene,OPX,365,233,7
MH0811b_OPX_001,MH0811b,Orthopyroxene,OPX,299,3,7
MH0811b_OPX_002,MH0811b,Orthopyroxene,OPX,381,45,7
MH0811b_OPX_003,MH0811b,Orthopyroxene,OPX,253,142,7
MH0811b_OPX_004,MH0811b,Orthopyroxene,OPX,193,172,7
MH0811b_OPX_005,MH0811b,Orthopyroxene,OPX,306,19,7
MH0811b_OPX_006,MH0811b,Orthopyroxene,OPX,259,398,7
MH0811b_OPX_007,MH0811b,Orthopyroxene,OPX,246,372,7
MH0811b_OPX_008,MH0811b,Orthopyroxene,OPX,308,210,7
MH0811b_OPX_009,MH0811b,Orthopyroxene,OPX,283,471,7
MH0811b_OPX_010,MH0811b,Orthopyroxene,OPX,200,449,7
MH0811b_OPX_011,MH0811b,Orthopyroxene,OPX,241,340,7
MH0811b_OPX_012,MH0811b,Orthopyroxene,OPX,72,70,7
MH0811b_OPX_013,MH0811b,Orthopyroxene,OPX,268,440,7
MH0811b_OPX_014,MH0811b,Orthopyroxene,OPX,18,282,7
MH0811b_OPX_015,MH0811b,Orthopyroxene,OPX,315,12,7
MH0811b_OPX_016,MH0811b,Orthopyroxene,OPX,322,129,7
MH0811b_OPX_017,MH0811b,Orthopyroxene,OPX,200,434,7
MH0811b_OPX_018,MH0811b,Orthopyroxene,OPX,354,250,7
MH0811b_OPX_019,MH0811b,Orthopyroxene,OPX,311,223,7
MH0811b_OPX_020,MH0811b,Orthopyroxene,OPX,315,154,7
MH0811b_OPX_021,MH0811b,Orthopyroxene,OPX,238,74,7
MH0811b_OPX_022,MH0811b,Orthopyroxene,OPX,274,301,7
MH0811b_OPX_023,MH0811b,Orthopyroxene,OPX,463,486,7
MH0811b_OPX_024,MH0811b,Orthopyroxene,OPX,43,367,7
MH0811b_OPX_025,MH0811b,Orthopyroxene,OPX,262,344,7
MH0811b_OPX_026,MH0811b,Orthopyroxene,OPX,231,331,7
MH0811b_OPX_027,MH0811b,Orthopyroxene,OPX,198,261,7
MH0811b_OPX_028,MH0811b,Orthopyroxene,OPX,152,167,7
MH0811b_OPX_029,MH0811b,Orthopyroxene,OPX,51,196,7
MH0811b_OPX_030,MH0811b,Orthopyroxene,OPX,309,224,7
MH0811b_OPX_031,MH0811b,Orthopyroxene,OPX,361,218,7
MH0811b_OPX_032,MH0811b,Orthopyroxene,OPX,58,371,7
MH0811b_OPX_033,MH0811b,Orthopyroxene,OPX,317,245,7
MH0811b_OPX_034,MH0811b,Orthopyroxene,OPX,262,422,7
MH0811b_OPX_035,MH0811b,Orthopyroxene,OPX,232,386,7
MH0811b_OPX_036,MH0811b,Orthopyroxene,OPX,61,428,7
MH0811b_OPX_037,MH0811b,Orthopyroxene,OPX,53,196,7
MH0811b_OPX_038,MH0811b,Orthopyroxene,OPX,295,122,7
MH0811b_OPX_039,MH0811b,Orthopyroxene,OPX,211,488,7
MH0811b_OPX_040,MH0811b,Orthopyroxene,OPX,97,360,7
MH0811b_OPX_041,MH0811b,Orthopyroxene,OPX,194,443,7
MH0811b_OPX_042,MH0811b,Orthopyroxene,OPX,294,491,7
MH0811b_OPX_043,MH0811b,Orthopyroxene,OPX,79,296,7
MH0811b_OPX_044,MH0811b,Orthopyroxene,OPX,49,255,7
MH0811b_OPX_045,MH0811b,Orthopyroxene,OPX,384,54,7
MH0811b_OPX_046,MH0811b,Orthopyroxene,OPX,291,475,7
MH0811b_OPX_047,MH0811b,Orthopyroxene,OPX,236,68,7
MH0811b_OPX_048,MH0811b,Orthopyroxene,OPX,98,115,7
MH0811b_OPX_049,MH0811b,Orthopyroxene,OPX,397,436,7
MH0811b_OPX_050,MH0811b,Orthopyroxene,OPX,434,471,7
MH0811b_OPX_051,MH0811b,Orthopyroxene,OPX,63,103,7
MH0811b_OPX_052,MH0811b,Orthopyroxene,OPX,351,239,7
MH0811b_OPX_053,MH0811b,Orthopyroxene,OPX,349,248,7
MH0811b_OPX_054,MH0811b,Orthopyroxene,OPX,48,195,7
MH0811b_OPX_055,MH0811b,Orthopyroxene,OPX,285,256,7
MH0811b_OPX_056,MH0811b,Orthopyroxene,OPX,100,387,7
MH0811b_OPX_057,MH0811b,Orthopyroxene,OPX,353,239,7
MH0811b_OPX_058,MH0811b,Orthopyroxene,OPX,392,369,7
MH0811b_OPX_059,MH0811b,Orthopyroxene,OPX,357,231,7
MH0811b_OPX_060,MH0811b,Orthopyroxene,OPX,109,231,7
MH0811b_OPX_061,MH0811b,Orthopyroxene,OPX,240,376,7
MH0811b_OPX_062,MH0811b,Orthopyroxene,OPX,393,50,7
MH0811b_OPX_063,MH0811b,Orthopyroxene,OPX,62,242,7
MH0811b_OPX_064,MH0811b,Orthopyroxene,OPX,268,412,7
MH0811b_OPX_065,MH0811b,Orthopyroxene,OPX,308,204,7
MH0811b_OPX_066,MH0811b,Orthopyroxene,OPX,73,459,7
MH0811b_OPX_067,MH0811b,Orthopyroxene,OPX,407,362,7
MH0811b_OPX_068,MH0811b,Orthopyroxene,OPX,171,275,7
MH0811b_OPX_069,MH0811b,Orthopyroxene,OPX,465,486,7
MH0811b_OPX_070,MH0811b,Orthopyroxene,OPX,302,73,7
MH0811b_OPX_071,MH0811b,Orthopyroxene,OPX,198,442,7
MH0811b_OPX_072,MH0811b,Orthopyroxene,OPX,313,3,7
MH0811b_OPX_073,MH0811b,Orthopyroxene,OPX,338,144,7
MH0811b_OPX_074,MH0811b,Orthopyroxene,OPX,291,478,7
MH0811b_OPX_075,MH0811b,Orthopyroxene,OPX,126,91,7
MH0811b_OPX_076,MH0811b,Orthopyroxene,OPX,410,273,7
MH0811b_OPX_077,MH0811b,Orthopyroxene,OPX,313,13,7
MH0811b_OPX_078,MH0811b,Orthopyroxene,OPX,63,372,7
MH0811b_OPX_079,MH0811b,Orthopyroxene,OPX,380,256,7
MH0811b_OPX_080,MH0811b,Orthopyroxene,OPX,60,245,7
MH0811b_OPX_081,MH0811b,Orthopyroxene,OPX,320,162,7
MH0811b_OPX_082,MH0811b,Orthopyroxene,OPX,250,395,7
MH0811b_OPX_083,MH0811b,Orthopyroxene,OPX,290,458,7
MH0811b_OPX_084,MH0811b,Orthopyroxene,OPX,324,26,7
MH0811b_OPX_085,MH0811b,Orthopyroxene,OPX,476,185,7
MH0811b_OPX_086,MH0811b,Orthopyroxene,OPX,405,341,7
MH0811b_OPX_087,MH0811b,Orthopyroxene,OPX,227,177,7
MH0811b_OPX_088,MH0811b,Orthopyroxene,OPX,482,192,7
MH0811b_OPX_089,MH0811b,Orthopyroxene,OPX,378,60,7
MH0811b_OPX_090,MH0811b,Orthopyroxene,OPX,303,107,7
MH0811b_OPX_091,MH0811b,Orthopyroxene,OPX,481,186,7
MH0811b_OPX_092,MH0811b,Orthopyroxene,OPX,297,113,7
MH0811b_OPX_093,MH0811b,Orthopyroxene,OPX,234,383,7
MH0811b_OPX_094,MH0811b,Orthopyroxene,OPX,168,479,7
MH0811b_OPX_095,MH0811b,Orthopyroxene,OPX,275,453,7
MH0811b_OPX_096,MH0811b,Orthopyroxene,OPX,412,262,7
MH0811b_OPX_097,MH0811b,Orthopyroxene,OPX,305,159,7
MH0811b_OPX_098,MH0811b,Orthopyroxene,OPX,308,10,7
MH0811b_OPX_099,MH0811b,Orthopyroxene,OPX,308,283,7
MH0811b_OPX_100,MH0811b,Orthopyroxene,OPX,82,127,7
MH0811b_OPX_101,MH0811b,Orthopyroxene,OPX,289,261,7
MH0811b_OPX_102,MH0811b,Orthopyroxene,OPX,68,262,7
MH0811b_OPX_103,MH0811b,Orthopyroxene,OPX,236,63,7
MH0811b_OPX_104,MH0811b,Orthopyroxene,OPX,40,269,7
MH0811b_OPX_105,MH0811b,Orthopyroxene,OPX,377,37,7
MH0811b_OPX_106,MH0811b,Orthopyroxene,OPX,326,149,7
MH0811b_OPX_107,MH0811b,Orthopyroxene,OPX,71,67,7
MH0811b_OPX_108,MH0811b,Orthopyroxene,OPX,257,450,7
MH0811b_OPX_109,MH0811b,Orthopyroxene,OPX,162,18,7
MH0811b_OPX_110,MH0811b,Orthopyroxene,OPX,188,159,7
MH0811b_OPX_111,MH0811b,Orthopyroxene,OPX,386,363,7
MH0811b_OPX_112,MH0811b,Orthopyroxene,OPX,417,393,7
MH0811b_OPX_113,MH0811b,Orthopyroxene,OPX,367,231,7
MH0811b_OPX_114,MH0811b,Orthopyroxene,OPX,307,75,7
MH0811b_OPX_115,MH0811b,Orthopyroxene,OPX,177,98,7
MH0811b_OPX_116,MH0811b,Orthopyroxene,OPX,349,244,7
MH0811b_OPX_117,MH0811b,Orthopyroxene,OPX,253,410,7
MH0811b_OPX_118,MH0811b,Orthopyroxene,OPX,236,378,7
MH0811b_OPX_119,MH0811b,Orthopyroxene,OPX,422,386,7
MH0811b_OPX_120,MH0811b,Orthopyroxene,OPX,307,155,7
MH0811b_OPX_121,MH0811b,Orthopyroxene,OPX,418,389,7
MH0811b_OPX_122,MH0811b,Orthopyroxene,OPX,240,79,7
MH0811b_OPX_123,MH0811b,Orthopyroxene,OPX,414,271,7
MH0811b_OPX_124,MH0811b,Orthopyroxene,OPX,396,368,7
MH0811b_OPX_125,MH0811b,Orthopyroxene,OPX,361,222,7
MH0811b_OPX_126,MH0811b,Orthopyroxene,OPX,87,172,7
MH0811b_OPX_127,MH0811b,Orthopyroxene,OPX,181,94,7
MH0811b_OPX_128,MH0811b,Orthopyroxene,OPX,330,146,7
MH0811b_OPX_129,MH0811b,Orthopyroxene,OPX,308,105,7
MH0811b_OPX_130,MH0811b,Orthopyroxene,OPX,281,295,7
MH0811b_OPX_131,MH0811b,Orthopyroxene,OPX,290,276,7
MH0811b_OPX_132,MH0811b,Orthopyroxene,OPX,135,459,7
MH0811b_OPX_133,MH0811b,Orthopyroxene,OPX,251,416,7
MH0811b_OPX_134,MH0811b,Orthopyroxene,OPX,248,423,7
MH0811b_OPX_135,MH0811b,Orthopyroxene,OPX,262,428,7
MH0811b_OPX_136,MH0811b,Orthopyroxene,OPX,26,437,7
MH0811b_OPX_137,MH0811b,Orthopyroxene,OPX,193,73,7
MH0811b_OPX_138,MH0811b,Orthopyroxene,OPX,319,246,7
MH0811b_OPX_139,MH0811b,Orthopyroxene,OPX,236,331,7
MH0811b_OPX_140,MH0811b,Orthopyroxene,OPX,202,486,7
MH0811b_OPX_141,MH0811b,Orthopyroxene,OPX,202,492,7
MH0811b_OPX_142,MH0811b,Orthopyroxene,OPX,281,290,7
MH0811b_OPX_143,MH0811b,Orthopyroxene,OPX,410,171,7
MH0811b_OPX_144,MH0811b,Orthopyroxene,OPX,259,397,7
MH0811b_OPX_145,MH0811b,Orthopyroxene,OPX,311,7,7
MH0811b_OPX_146,MH0811b,Orthopyroxene,OPX,475,185,7
MH0811b_OPX_147,MH0811b,Orthopyroxene,OPX,266,448,7
MH0811b_OPX_148,MH0811b,Orthopyroxene,OPX,207,287,7
MH0811b_OPX_149,MH0811b,Orthopyroxene,OPX,200,485,7
MH0811b_OPX_150,MH0811b,Orthopyroxene,OPX,288,270,7
MH0811b_OPX_151,MH0811b,Orthopyroxene,OPX,346,344,7
MH0811b_OPX_152,MH0811b,Orthopyroxene,OPX,314,100,7
MH0811b_OPX_153,MH0811b,Orthopyroxene,OPX,278,263,7
MH0811b_OPX_154,MH0811b,Orthopyroxene,OPX,371,238,7
MH0811b_OPX_155,MH0811b,Orthopyroxene,OPX,384,57,7
MH0811b_OPX_156,MH0811b,Orthopyroxene,OPX,239,391,7
MH0811b_OPX_157,MH0811b,Orthopyroxene,OPX,265,425,7
MH0811b_OPX_158,MH0811b,Orthopyroxene,OPX,282,454,7
MH0811b_OPX_159,MH0811b,Orthopyroxene,OPX,228,327,7
MH0811b_OPX_160,MH0811b,Orthopyroxene,OPX,360,259,7
MH0811b_OPX_161,MH0811b,Orthopyroxene,OPX,376,245,7
MH0811b_OPX_162,MH0811b,Orthopyroxene,OPX,313,282,7
MH0811b_OPX_163,MH0811b,Orthopyroxene,OPX,310,75,7
MH0811b_OPX_164,MH0811b,Orthopyroxene,OPX,262,357,7
MH0811b_OPX_165,MH0811b,Orthopyroxene,OPX,363,232,7
MH0811b_OPX_166,MH0811b,Orthopyroxene,OPX,204,434,7
MH0811b_OPX_167,MH0811b,Orthopyroxene,OPX,283,298,7
MH0811b_OPX_168,MH0811b,Orthopyroxene,OPX,308,8,7
MH0811b_OPX_169,MH0811b,Orthopyroxene,OPX,226,178,7
MH0811b_OPX_170,MH0811b,Orthopyroxene,OPX,384,51,7
MH0811b_OPX_171,MH0811b,Orthopyroxene,OPX,71,267,7
MH0811b_OPX_172,MH0811b,Orthopyroxene,OPX,116,399,7
MH0811b_OPX_173,MH0811b,Orthopyroxene,OPX,67,293,7
MH0811b_OPX_174,MH0811b,Orthopyroxene,OPX,69,292,7
MH0811b_OPX_175,MH0811b,Orthopyroxene,OPX,10,427,7
MH0811b_OPX_176,MH0811b,Orthopyroxene,OPX,275,445,7
MH0811b_OPX_177,MH0811b,Orthopyroxene,OPX,400,265,7
MH0811b_OPX_178,MH0811b,Orthopyroxene,OPX,395,61,7
MH0811b_OPX_179,MH0811b,Orthopyroxene,OPX,293,266,7
MH0811b_OPX_180,MH0811b,Orthopyroxene,OPX,242,361,7
MH0811b_OPX_181,MH0811b,Orthopyroxene,OPX,416,391,7
MH0811b_OPX_182,MH0811b,Orthopyroxene,OPX,482,191,7
MH0811b_OPX_183,MH0811b,Orthopyroxene,OPX,252,139,7
MH0811b_OPX_184,MH0811b,Orthopyroxene,OPX,195,175,7
MH0811b_OPX_185,MH0811b,Orthopyroxene,OPX,376,258,7
MH0811b_OPX_186,MH0811b,Orthopyroxene,OPX,484,496,7
MH0811b_OPX_187,MH0811b,Orthopyroxene,OPX,300,279,7
MH0811b_OPX_188,MH0811b,Orthopyroxene,OPX,208,487,7
MH0811b_OPX_189,MH0811b,Orthopyroxene,OPX,255,343,7
MH0811b_OPX_190,MH0811b,Orthopyroxene,OPX,287,281,7
MH0811b_OPX_191,MH0811b,Orthopyroxene,OPX,262,449,7
MH0811b_OPX_192,MH0811b,Orthopyroxene,OPX,54,496,7
MH0811b_OPX_193,MH0811b,Orthopyroxene,OPX,139,430,7
MH0811b_OPX_194,MH0811b,Orthopyroxene,OPX,274,452,7
MH0811b_OPX_195,MH0811b,Orthopyroxene,OPX,257,99,7
MH0811b_OPX_196,MH0811b,Orthopyroxene,OPX,141,451,7
MH0811b_OPX_197,MH0811b,Orthopyroxene,OPX,286,483,7
MH0811b_OPX_198,MH0811b,Orthopyroxene,OPX,306,156,7
MH0811b_OPX_199,MH0811b,Orthopyroxene,OPX,322,248,7
MH0811b_CPX_000,MH0811b,Clinopyroxene,CPX,301,356,7
MH0811b_CPX_001,MH0811b,Clinopyroxene,CPX,310,434,7
MH0811b_CPX_002,MH0811b,Clinopyroxene,CPX,64,475,7
MH0811b_CPX_003,MH0811b,Clinopyroxene,CPX,128,284,7
MH0811b_CPX_004,MH0811b,Clinopyroxene,CPX,300,398,7
MH0811b_CPX_005,MH0811b,Clinopyroxene,CPX,355,20,7
MH0811b_CPX_006,MH0811b,Clinopyroxene,CPX,138,330,7
MH0811b_CPX_007,MH0811b,Clinopyroxene,CPX,288,185,7
MH0811b_CPX_008,MH0811b,Clinopyroxene,CPX,308,189,7
MH0811b_CPX_009,MH0811b,Clinopyroxene,CPX,339,168,7
MH0811b_CPX_010,MH0811b,Clinopyroxene,CPX,187,492,7
MH0811b_CPX_011,MH0811b,Clinopyroxene,CPX,225,406,7
MH0811b_CPX_012,MH0811b,Clinopyroxene,CPX,207,93,7
MH0811b_CPX_013,MH0811b,Clinopyroxene,CPX,86,92,7
MH0811b_CPX_014,MH0811b,Clinopyroxene,CPX,320,184,7
MH0811b_CPX_015,MH0811b,Clinopyroxene,CPX,358,23,7
MH0811b_CPX_016,MH0811b,Clinopyroxene,CPX,481,423,7
MH0811b_CPX_017,MH0811b,Clinopyroxene,CPX,277,342,7
MH0811b_CPX_018,MH0811b,Clinopyroxene,CPX,405,408,7
MH0811b_CPX_019,MH0811b,Clinopyroxene,CPX,291,231,7
MH0811b_CPX_020,MH0811b,Clinopyroxene,CPX,378,151,7
MH0811b_CPX_021,MH0811b,Clinopyroxene,CPX,316,173,7
MH0811b_CPX_022,MH0811b,Clinopyroxene,CPX,138,273,7
MH0811b_CPX_023,MH0811b,Clinopyroxene,CPX,334,198,7
MH0811b_CPX_024,MH0811b,Clinopyroxene,CPX,350,47,7
MH0811b_CPX_025,MH0811b,Clinopyroxene,CPX,262,305,7
MH0811b_CPX_026,MH0811b,Clinopyroxene,CPX,278,3,7
MH0811b_CPX_027,MH0811b,Clinopyroxene,CPX,117,281,7
MH0811b_CPX_028,MH0811b,Clinopyroxene,CPX,207,95,7
MH0811b_CPX_029,MH0811b,Clinopyroxene,CPX,115,135,7
MH0811b_CPX_030,MH0811b,Clinopyroxene,CPX,378,138,7
MH0811b_CPX_031,MH0811b,Clinopyroxene,CPX,336,217,7
MH0811b_CPX_032,MH0811b,Clinopyroxene,CPX,133,298,7
MH0811b_CPX_033,MH0811b,Clinopyroxene,CPX,447,400,7
MH0811b_CPX_034,MH0811b,Clinopyroxene,CPX,350,85,7
MH0811b_CPX_035,MH0811b,Clinopyroxene,CPX,340,328,7
MH0811b_CPX_036,MH0811b,Clinopyroxene,CPX,24,36,7
MH0811b_CPX_037,MH0811b,Clinopyroxene,CPX,13,41,7
MH0811b_CPX_038,MH0811b,Clinopyroxene,CPX,322,263,7
MH0811b_CPX_039,MH0811b,Clinopyroxene,CPX,231,479,7
MH0811b_CPX_040,MH0811b,Clinopyroxene,CPX,161,73,7
MH0811b_CPX_041,MH0811b,Clinopyroxene,CPX,371,136,7
MH0811b_CPX_042,MH0811b,Clinopyroxene,CPX,122,290,7
MH0811b_CPX_043,MH0811b,Clinopyroxene,CPX,345,113,7
MH0811b_CPX_044,MH0811b,Clinopyroxene,CPX,8,404,7
MH0811b_CPX_045,MH0811b,Clinopyroxene,CPX,289,346,7
MH0811b_CPX_046,MH0811b,Clinopyroxene,CPX,208,113,7
MH0811b_CPX_047,MH0811b,Clinopyroxene,CPX,16,418,7
MH0811b_CPX_048,MH0811b,Clinopyroxene,CPX,81,439,7
MH0811b_CPX_049,MH0811b,Clinopyroxene,CPX,300,237,7
MH0811b_CPX_050,MH0811b,Clinopyroxene,CPX,312,192,7
MH0811b_CPX_051,MH0811b,Clinopyroxene,CPX,305,355,7
MH0811b_CPX_052,MH0811b,Clinopyroxene,CPX,328,70,7
MH0811b_CPX_053,MH0811b,Clinopyroxene,CPX,193,48,7
MH0811b_CPX_054,MH0811b,Clinopyroxene,CPX,202,338,7
MH0811b_CPX_055,MH0811b,Clinopyroxene,CPX,457,276,7
MH0811b_CPX_056,MH0811b,Clinopyroxene,CPX,350,18,7
MH0811b_CPX_057,MH0811b,Clinopyroxene,CPX,186,489,7
MH0811b_CPX_058,MH0811b,Clinopyroxene,CPX,137,142,7
MH0811b_CPX_059,MH0811b,Clinopyroxene,CPX,310,409,7
MH0811b_CPX_060,MH0811b,Clinopyroxene,CPX,283,374,7
MH0811b_CPX_061,MH0811b,Clinopyroxene,CPX,347,49,7
MH0811b_CPX_062,MH0811b,Clinopyroxene,CPX,234,144,7
MH0811b_CPX_063,MH0811b,Clinopyroxene,CPX,438,265,7
MH0811b_CPX_064,MH0811b,Clinopyroxene,CPX,131,320,7
MH0811b_CPX_065,MH0811b,Clinopyroxene,CPX,458,277,7
MH0811b_CPX_066,MH0811b,Clinopyroxene,CPX,488,425,7
MH0811b_CPX_067,MH0811b,Clinopyroxene,CPX,467,411,7
MH0811b_CPX_068,MH0811b,Clinopyroxene,CPX,344,209,7
MH0811b_CPX_069,MH0811b,Clinopyroxene,CPX,155,185,7
MH0811b_CPX_070,MH0811b,Clinopyroxene,CPX,362,75,7
MH0811b_CPX_071,MH0811b,Clinopyroxene,CPX,122,388,7
MH0811b_CPX_072,MH0811b,Clinopyroxene,CPX,348,214,7
MH0811b_CPX_073,MH0811b,Clinopyroxene,CPX,107,280,7
MH0811b_CPX_074,MH0811b,Clinopyroxene,CPX,312,381,7
MH0811b_CPX_075,MH0811b,Clinopyroxene,CPX,482,309,7
MH0811b_CPX_076,MH0811b,Clinopyroxene,CPX,268,328,7
MH0811b_CPX_077,MH0811b,Clinopyroxene,CPX,353,30,7
MH0811b_CPX_078,MH0811b,Clinopyroxene,CPX,346,99,7
MH0811b_CPX_079,MH0811b,Clinopyroxene,CPX,136,275,7
MH0811b_CPX_080,MH0811b,Clinopyroxene,CPX,341,57,7
MH0811b_CPX_081,MH0811b,Clinopyroxene,CPX,304,355,7
MH0811b_CPX_082,MH0811b,Clinopyroxene,CPX,298,440,7
MH0811b_CPX_083,MH0811b,Clinopyroxene,CPX,383,380,7
MH0811b_CPX_084,MH0811b,Clinopyroxene,CPX,120,66,7
MH0811b_CPX_085,MH0811b,Clinopyroxene,CPX,320,84,7
MH0811b_CPX_086,MH0811b,Clinopyroxene,CPX,282,224,7
MH0811b_CPX_087,MH0811b,Clinopyroxene,CPX,142,190,7
MH0811b_CPX_088,MH0811b,Clinopyroxene,CPX,289,230,7
MH0811b_CPX_089,MH0811b,Clinopyroxene,CPX,386,137,7
MH0811b_CPX_090,MH0811b,Clinopyroxene,CPX,133,321,7
MH0811b_CPX_091,MH0811b,Clinopyroxene,CPX,297,44,7
MH0811b_CPX_092,MH0811b,Clinopyroxene,CPX,230,408,7
MH0811b_CPX_093,MH0811b,Clinopyroxene,CPX,431,214,7
MH0811b_CPX_094,MH0811b,Clinopyroxene,CPX,352,15,7
MH0811b_CPX_095,MH0811b,Clinopyroxene,CPX,367,71,7
MH0811b_CPX_096,MH0811b,Clinopyroxene,CPX,302,380,7
MH0811b_CPX_097,MH0811b,Clinopyroxene,CPX,136,294,7
MH0811b_CPX_098,MH0811b,Clinopyroxene,CPX,133,484,7
MH0811b_CPX_099,MH0811b,Clinopyroxene,CPX,380,142,7
MH0811b_CPX_100,MH0811b,Clinopyroxene,CPX,45,459,7
MH0811b_CPX_101,MH0811b,Clinopyroxene,CPX,476,418,7
MH0811b_CPX_102,MH0811b,Clinopyroxene,CPX,65,453,7
MH0811b_CPX_103,MH0811b,Clinopyroxene,CPX,462,406,7
MH0811b_CPX_104,MH0811b,Clinopyroxene,CPX,280,333,7
MH0811b_CPX_105,MH0811b,Clinopyroxene,CPX,376,11,7
MH0811b_CPX_106,MH0811b,Clinopyroxene,CPX,370,26,7
MH0811b_CPX_107,MH0811b,Clinopyroxene,CPX,296,193,7
MH0811b_CPX_108,MH0811b,Clinopyroxene,CPX,134,331,7
MH0811b_CPX_109,MH0811b,Clinopyroxene,CPX,273,484,7
MH0811b_CPX_110,MH0811b,Clinopyroxene,CPX,192,490,7
MH0811b_CPX_111,MH0811b,Clinopyroxene,CPX,467,392,7
MH0811b_CPX_112,MH0811b,Clinopyroxene,CPX,379,147,7
MH0811b_CPX_113,MH0811b,Clinopyroxene,CPX,360,69,7
MH0811b_CPX_114,MH0811b,Clinopyroxene,CPX,284,397,7
MH0811b_CPX_115,MH0811b,Clinopyroxene,CPX,333,176,7
MH0811b_CPX_116,MH0811b,Clinopyroxene,CPX,286,328,7
MH0811b_CPX_117,MH0811b,Clinopyroxene,CPX,135,217,7
MH0811b_CPX_118,MH0811b,Clinopyroxene,CPX,355,40,7
MH0811b_CPX_119,MH0811b,Clinopyroxene,CPX,202,54,7
MH0811b_CPX_120,MH0811b,Clinopyroxene,CPX,387,414,7
MH0811b_CPX_121,MH0811b,Clinopyroxene,CPX,138,291,7
MH0811b_CPX_122,MH0811b,Clinopyroxene,CPX,274,374,7
MH0811b_CPX_123,MH0811b,Clinopyroxene,CPX,313,434,7
MH0811b_CPX_124,MH0811b,Clinopyroxene,CPX,339,66,7
MH0811b_CPX_125,MH0811b,Clinopyroxene,CPX,286,369,7
MH0811b_CPX_126,MH0811b,Clinopyroxene,CPX,150,262,7
MH0811b_CPX_127,MH0811b,Clinopyroxene,CPX,317,173,7
MH0811b_CPX_128,MH0811b,Clinopyroxene,CPX,347,220,7
MH0811b_CPX_129,MH0811b,Clinopyroxene,CPX,341,6,7
MH0811b_CPX_130,MH0811b,Clinopyroxene,CPX,196,336,7
MH0811b_CPX_131,MH0811b,Clinopyroxene,CPX,342,26,7
MH0811b_CPX_132,MH0811b,Clinopyroxene,CPX,322,264,7
MH0811b_CPX_133,MH0811b,Clinopyroxene,CPX,197,410,7
MH0811b_CPX_134,MH0811b,Clinopyroxene,CPX,375,90,7
MH0811b_CPX_135,MH0811b,Clinopyroxene,CPX,438,399,7
MH0811b_CPX_136,MH0811b,Clinopyroxene,CPX,107,289,7
MH0811b_CPX_137,MH0811b,Clinopyroxene,CPX,163,72,7
MH0811b_CPX_138,MH0811b,Clinopyroxene,CPX,294,48,7
MH0811b_CPX_139,MH0811b,Clinopyroxene,CPX,363,21,7
MH0811b_CPX_140,MH0811b,Clinopyroxene,CPX,368,128,7
MH0811b_CPX_141,MH0811b,Clinopyroxene,CPX,196,338,7
MH0811b_CPX_142,MH0811b,Clinopyroxene,CPX,262,482,7
MH0811b_CPX_143,MH0811b,Clinopyroxene,CPX,434,265,7
MH0811b_CPX_144,MH0811b,Clinopyroxene,CPX,343,108,7
MH0811b_CPX_145,MH0811b,Clinopyroxene,CPX,477,386,7
MH0811b_CPX_146,MH0811b,Clinopyroxene,CPX,461,388,7
MH0811b_CPX_147,MH0811b,Clinopyroxene,CPX,289,387,7
MH0811b_CPX_148,MH0811b,Clinopyroxene,CPX,282,390,7
MH0811b_CPX_149,MH0811b,Clinopyroxene,CPX,310,373,7
MH0811b_CPX_150,MH0811b,Clinopyroxene,CPX,351,107,7
MH0811b_CPX_151,MH0811b,Clinopyroxene,CPX,347,90,7
MH0811b_CPX_152,MH0811b,Clinopyroxene,CPX,196,339,7
MH0811b_CPX_153,MH0811b,Clinopyroxene,CPX,479,388,7
MH0811b_CPX_154,MH0811b,Clinopyroxene,CPX,291,386,7
MH0811b_CPX_155,MH0811b,Clinopyroxene,CPX,296,384,7
MH0811b_CPX_156,MH0811b,Clinopyroxene,CPX,458,262,7
MH0811b_CPX_157,MH0811b,Clinopyroxene,CPX,19,43,7
MH0811b_CPX_158,MH0811b,Clinopyroxene,CPX,350,107,7
MH0811b_CPX_159,MH0811b,Clinopyroxene,CPX,286,377,7
MH0811b_CPX_160,MH0811b,Clinopyroxene,CPX,17,48,7
MH0811b_CPX_161,MH0811b,Clinopyroxene,CPX,132,312,7
MH0811b_CPX_162,MH0811b,Clinopyroxene,CPX,337,275,7
MH0811b_CPX_163,MH0811b,Clinopyroxene,CPX,299,55,7
MH0811b_CPX_164,MH0811b,Clinopyroxene,CPX,126,319,7
MH0811b_CPX_165,MH0811b,Clinopyroxene,CPX,349,205,7
MH0811b_CPX_166,MH0811b,Clinopyroxene,CPX,292,337,7
MH0811b_CPX_167,MH0811b,Clinopyroxene,CPX,201,54,7
MH0811b_CPX_168,MH0811b,Clinopyroxene,CPX,293,191,7
MH0811b_CPX_169,MH0811b,Clinopyroxene,CPX,167,104,7
MH0811b_CPX_170,MH0811b,Clinopyroxene,CPX,490,419,7
MH0811b_CPX_171,MH0811b,Clinopyroxene,CPX,355,84,7
MH0811b_CPX_172,MH0811b,Clinopyroxene,CPX,117,137,7
MH0811b_CPX_173,MH0811b,Clinopyroxene,CPX,151,344,7
MH0811b_CPX_174,MH0811b,Clinopyroxene,CPX,369,277,7
MH0811b_CPX_175,MH0811b,Clinopyroxene,CPX,89,260,7
MH0811b_CPX_176,MH0811b,Clinopyroxene,CPX,212,93,7
MH0811b_CPX_177,MH0811b,Clinopyroxene,CPX,342,55,7
MH0811b_CPX_178,MH0811b,Clinopyroxene,CPX,281,11,7
MH0811b_CPX_179,MH0811b,Clinopyroxene,CPX,29,406,7
MH0811b_CPX_180,MH0811b,Clinopyroxene,CPX,352,29,7
MH0811b_CPX_181,MH0811b,Clinopyroxene,CPX,342,5,7
MH0811b_CPX_182,MH0811b,Clinopyroxene,CPX,268,322,7
MH0811b_CPX_183,MH0811b,Clinopyroxene,CPX,477,420,7
MH0811b_CPX_184,MH0811b,Clinopyroxene,CPX,327,280,7
MH0811b_CPX_185,MH0811b,Clinopyroxene,CPX,358,36,7
MH0811b_CPX_186,MH0811b,Clinopyroxene,CPX,125,302,7
MH0811b_CPX_187,MH0811b,Clinopyroxene,CPX,191,338,7
MH0811b_CPX_188,MH0811b,Clinopyroxene,CPX,139,325,7
MH0811b_CPX_189,MH0811b,Clinopyroxene,CPX,475,422,7
MH0811b_CPX_190,MH0811b,Clinopyroxene,CPX,293,373,7
MH0811b_CPX_191,MH0811b,Clinopyroxene,CPX,352,63,7
MH0811b_CPX_192,MH0811b,Clinopyroxene,CPX,489,426,7
MH0811b_CPX_193,MH0811b,Clinopyroxene,CPX,193,494,7
MH0811b_CPX_194,MH0811b,Clinopyroxene,CPX,405,415,7
MH0811b_CPX_195,MH0811b,Clinopyroxene,CPX,352,100,7
MH0811b_CPX_196,MH0811b,Clinopyroxene,CPX,290,392,7
MH0811b_CPX_197,MH0811b,Clinopyroxene,CPX,207,98,7
MH0811b_CPX_198,MH0811b,Clinopyroxene,CPX,456,385,7
MH0811b_CPX_199,MH0811b,Clinopyroxene,CPX,166,147,7
MH0811b_PLAG_000,MH0811b,Plagioclase,PLAG,54,172,7
MH0811b_PLAG_001,MH0811b,Plagioclase,PLAG,252,243,7
MH0811b_PLAG_002,MH0811b,Plagioclase,PLAG,263,70,7
MH0811b_PLAG_003,MH0811b,Plagioclase,PLAG,467,81,7
MH0811b_PLAG_004,MH0811b,Plagioclase,PLAG,475,83,7
MH0811b_PLAG_005,MH0811b,Plagioclase,PLAG,444,51,7
MH0811b_PLAG_006,MH0811b,Plagioclase,PLAG,10,97,7
MH0811b_PLAG_007,MH0811b,Plagioclase,PLAG,276,89,7
MH0811b_PLAG_008,MH0811b,Plagioclase,PLAG,369,453,7
MH0811b_PLAG_009,MH0811b,Plagioclase,PLAG,8,214,7
MH0811b_PLAG_010,MH0811b,Plagioclase,PLAG,479,80,7
MH0811b_PLAG_011,MH0811b,Plagioclase,PLAG,367,469,7
MH0811b_PLAG_012,MH0811b,Plagioclase,PLAG,267,230,7
MH0811b_PLAG_013,MH0811b,Plagioclase,PLAG,433,40,7
MH0811b_PLAG_014,MH0811b,Plagioclase,PLAG,262,197,7
MH0811b_PLAG_015,MH0811b,Plagioclase,PLAG,399,119,7
MH0811b_PLAG_016,MH0811b,Plagioclase,PLAG,299,307,7
MH0811b_PLAG_017,MH0811b,Plagioclase,PLAG,238,221,7
MH0811b_PLAG_018,MH0811b,Plagioclase,PLAG,322,417,7
MH0811b_PLAG_019,MH0811b,Plagioclase,PLAG,318,467,7
MH0811b_PLAG_020,MH0811b,Plagioclase,PLAG,307,295,7
MH0811b_PLAG_021,MH0811b,Plagioclase,PLAG,283,96,7
MH0811b_PLAG_022,MH0811b,Plagioclase,PLAG,382,464,7
MH0811b_PLAG_023,MH0811b,Plagioclase,PLAG,344,261,7
MH0811b_PLAG_024,MH0811b,Plagioclase,PLAG,276,153,7
MH0811b_PLAG_025,MH0811b,Plagioclase,PLAG,56,175,7
MH0811b_PLAG_026,MH0811b,Plagioclase,PLAG,97,27,7
MH0811b_PLAG_027,MH0811b,Plagioclase,PLAG,18,154,7
MH0811b_PLAG_028,MH0811b,Plagioclase,PLAG,482,36,7
MH0811b_PLAG_029,MH0811b,Plagioclase,PLAG,7,107,7
MH0811b_PLAG_030,MH0811b,Plagioclase,PLAG,11,231,7
MH0811b_PLAG_031,MH0811b,Plagioclase,PLAG,237,436,7
MH0811b_PLAG_032,MH0811b,Plagioclase,PLAG,243,12,7
MH0811b_PLAG_033,MH0811b,Plagioclase,PLAG,9,490,7
MH0811b_PLAG_034,MH0811b,Plagioclase,PLAG,428,496,7
MH0811b_PLAG_035,MH0811b,Plagioclase,PLAG,267,119,7
MH0811b_PLAG_036,MH0811b,Plagioclase,PLAG,23,91,7
MH0811b_PLAG_037,MH0811b,Plagioclase,PLAG,52,152,7
MH0811b_PLAG_038,MH0811b,Plagioclase,PLAG,251,207,7
MH0811b_PLAG_039,MH0811b,Plagioclase,PLAG,451,138,7
MH0811b_PLAG_040,MH0811b,Plagioclase,PLAG,490,135,7
MH0811b_PLAG_041,MH0811b,Plagioclase,PLAG,423,21,7
MH0811b_PLAG_042,MH0811b,Plagioclase,PLAG,33,490,7
MH0811b_PLAG_043,MH0811b,Plagioclase,PLAG,385,474,7
MH0811b_PLAG_044,MH0811b,Plagioclase,PLAG,69,143,7
MH0811b_PLAG_045,MH0811b,Plagioclase,PLAG,444,134,7
MH0811b_PLAG_046,MH0811b,Plagioclase,PLAG,263,219,7
MH0811b_PLAG_047,MH0811b,Plagioclase,PLAG,63,165,7
MH0811b_PLAG_048,MH0811b,Plagioclase,PLAG,348,311,7
MH0811b_PLAG_049,MH0811b,Plagioclase,PLAG,261,209,7
MH0811b_PLAG_050,MH0811b,Plagioclase,PLAG,5,74,7
MH0811b_PLAG_051,MH0811b,Plagioclase,PLAG,464,131,7
MH0811b_PLAG_052,MH0811b,Plagioclase,PLAG,3,93,7
MH0811b_PLAG_053,MH0811b,Plagioclase,PLAG,438,7,7
MH0811b_PLAG_054,MH0811b,Plagioclase,PLAG,19,131,7
MH0811b_PLAG_055,MH0811b,Plagioclase,PLAG,10,165,7
MH0811b_PLAG_056,MH0811b,Plagioclase,PLAG,15,124,7
MH0811b_PLAG_057,MH0811b,Plagioclase,PLAG,3,32,7
MH0811b_PLAG_058,MH0811b,Plagioclase,PLAG,68,144,7
MH0811b_PLAG_059,MH0811b,Plagioclase,PLAG,426,36,7
MH0811b_PLAG_060,MH0811b,Plagioclase,PLAG,272,238,7
MH0811b_PLAG_061,MH0811b,Plagioclase,PLAG,284,164,7
MH0811b_PLAG_062,MH0811b,Plagioclase,PLAG,415,478,7
MH0811b_PLAG_063,MH0811b,Plagioclase,PLAG,21,97,7
MH0811b_PLAG_064,MH0811b,Plagioclase,PLAG,430,80,7
MH0811b_PLAG_065,MH0811b,Plagioclase,PLAG,53,139,7
MH0811b_PLAG_066,MH0811b,Plagioclase,PLAG,486,110,7
MH0811b_PLAG_067,MH0811b,Plagioclase,PLAG,364,359,7
MH0811b_PLAG_068,MH0811b,Plagioclase,PLAG,449,31,7
MH0811b_PLAG_069,MH0811b,Plagioclase,PLAG,361,424,7
MH0811b_PLAG_070,MH0811b,Plagioclase,PLAG,389,99,7
MH0811b_PLAG_071,MH0811b,Plagioclase,PLAG,346,307,7
MH0811b_PLAG_072,MH0811b,Plagioclase,PLAG,356,412,7
MH0811b_PLAG_073,MH0811b,Plagioclase,PLAG,39,189,7
MH0811b_PLAG_074,MH0811b,Plagioclase,PLAG,53,116,7
MH0811b_PLAG_075,MH0811b,Plagioclase,PLAG,414,77,7
MH0811b_PLAG_076,MH0811b,Plagioclase,PLAG,55,133,7
MH0811b_PLAG_077,MH0811b,Plagioclase,PLAG,162,297,7
MH0811b_PLAG_078,MH0811b,Plagioclase,PLAG,381,484,7
MH0811b_PLAG_079,MH0811b,Plagioclase,PLAG,35,168,7
MH0811b_PLAG_080,MH0811b,Plagioclase,PLAG,372,415,7
MH0811b_PLAG_081,MH0811b,Plagioclase,PLAG,390,485,7
MH0811b_PLAG_082,MH0811b,Plagioclase,PLAG,423,94,7
MH0811b_PLAG_083,MH0811b,Plagioclase,PLAG,336,446,7
MH0811b_PLAG_084,MH0811b,Plagioclase,PLAG,154,286,7
MH0811b_PLAG_085,MH0811b,Plagioclase,PLAG,330,479,7
MH0811b_PLAG_086,MH0811b,Plagioclase,PLAG,488,144,7
MH0811b_PLAG_087,MH0811b,Plagioclase,PLAG,456,127,7
MH0811b_PLAG_088,MH0811b,Plagioclase,PLAG,440,135,7
MH0811b_PLAG_089,MH0811b,Plagioclase,PLAG,6,183,7
MH0811b_PLAG_090,MH0811b,Plagioclase,PLAG,58,140,7
MH0811b_PLAG_091,MH0811b,Plagioclase,PLAG,263,116,7
MH0811b_PLAG_092,MH0811b,Plagioclase,PLAG,256,159,7
MH0811b_PLAG_093,MH0811b,Plagioclase,PLAG,75,150,7
MH0811b_PLAG_094,MH0811b,Plagioclase,PLAG,422,43,7
MH0811b_PLAG_095,MH0811b,Plagioclase,PLAG,45,117,7
MH0811b_PLAG_096,MH0811b,Plagioclase,PLAG,378,470,7
MH0811b_PLAG_097,MH0811b,Plagioclase,PLAG,28,164,7
MH0811b_PLAG_098,MH0811b,Plagioclase,PLAG,267,241,7
MH0811b_PLAG_099,MH0811b,Plagioclase,PLAG,338,314,7
MH0811b_PLAG_100,MH0811b,Plagioclase,PLAG,22,472,7
MH0811b_PLAG_101,MH0811b,Plagioclase,PLAG,21,481,7
MH0811b_PLAG_102,MH0811b,Plagioclase,PLAG,320,323,7
MH0811b_PLAG_103,MH0811b,Plagioclase,PLAG,355,407,7
MH0811b_PLAG_104,MH0811b,Plagioclase,PLAG,435,43,7
MH0811b_PLAG_105,MH0811b,Plagioclase,PLAG,263,166,7
MH0811b_PLAG_106,MH0811b,Plagioclase,PLAG,241,210,7
MH0811b_PLAG_107,MH0811b,Plagioclase,PLAG,58,168,7
MH0811b_PLAG_108,MH0811b,Plagioclase,PLAG,219,209,7
MH0811b_PLAG_109,MH0811b,Plagioclase,PLAG,19,97,7
MH0811b_PLAG_110,MH0811b,Plagioclase,PLAG,23,492,7
MH0811b_PLAG_111,MH0811b,Plagioclase,PLAG,384,466,7
MH0811b_PLAG_112,MH0811b,Plagioclase,PLAG,6,152,7
MH0811b_PLAG_113,MH0811b,Plagioclase,PLAG,438,52,7
MH0811b_PLAG_114,MH0811b,Plagioclase,PLAG,433,5,7
MH0811b_PLAG_115,MH0811b,Plagioclase,PLAG,367,428,7
MH0811b_PLAG_116,MH0811b,Plagioclase,PLAG,489,12,7
MH0811b_PLAG_117,MH0811b,Plagioclase,PLAG,67,14,7
MH0811b_PLAG_118,MH0811b,Plagioclase,PLAG,386,450,7
MH0811b_PLAG_119,MH0811b,Plagioclase,PLAG,402,477,7
MH0811b_PLAG_120,MH0811b,Plagioclase,PLAG,339,413,7
MH0811b_PLAG_121,MH0811b,Plagioclase,PLAG,461,158,7
MH0811b_PLAG_122,MH0811b,Plagioclase,PLAG,8,149,7
MH0811b_PLAG_123,MH0811b,Plagioclase,PLAG,272,170,7
MH0811b_PLAG_124,MH0811b,Plagioclase,PLAG,285,129,7
MH0811b_PLAG_125,MH0811b,Plagioclase,PLAG,434,96,7
MH0811b_PLAG_126,MH0811b,Plagioclase,PLAG,456,95,7
MH0811b_PLAG_127,MH0811b,Plagioclase,PLAG,28,156,7
MH0811b_PLAG_128,MH0811b,Plagioclase,PLAG,267,80,7
MH0811b_PLAG_129,MH0811b,Plagioclase,PLAG,18,185,7
MH0811b_PLAG_130,MH0811b,Plagioclase,PLAG,356,374,7
MH0811b_PLAG_131,MH0811b,Plagioclase,PLAG,422,62,7
MH0811b_PLAG_132,MH0811b,Plagioclase,PLAG,3,135,7
MH0811b_PLAG_133,MH0811b,Plagioclase,PLAG,420,119,7
MH0811b_PLAG_134,MH0811b,Plagioclase,PLAG,340,301,7
MH0811b_PLAG_135,MH0811b,Plagioclase,PLAG,466,131,7
MH0811b_PLAG_136,MH0811b,Plagioclase,PLAG,231,5,7
MH0811b_PLAG_137,MH0811b,Plagioclase,PLAG,355,298,7
MH0811b_PLAG_138,MH0811b,Plagioclase,PLAG,411,117,7
MH0811b_PLAG_139,MH0811b,Plagioclase,PLAG,337,457,7
MH0811b_PLAG_140,MH0811b,Plagioclase,PLAG,251,276,7
MH0811b_PLAG_141,MH0811b,Plagioclase,PLAG,74,17,7
MH0811b_PLAG_142,MH0811b,Plagioclase,PLAG,480,38,7
MH0811b_PLAG_143,MH0811b,Plagioclase,PLAG,430,81,7
MH0811b_PLAG_144,MH0811b,Plagioclase,PLAG,480,109,7
MH0811b_PLAG_145,MH0811b,Plagioclase,PLAG,70,135,7
MH0811b_PLAG_146,MH0811b,Plagioclase,PLAG,284,98,7
MH0811b_PLAG_147,MH0811b,Plagioclase,PLAG,59,171,7
MH0811b_PLAG_148,MH0811b,Plagioclase,PLAG,408,70,7
MH0811b_PLAG_149,MH0811b,Plagioclase,PLAG,176,307,7
MH0811b_PLAG_150,MH0811b,Plagioclase,PLAG,345,296,7
MH0811b_PLAG_151,MH0811b,Plagioclase,PLAG,472,4,7
MH0811b_PLAG_152,MH0811b,Plagioclase,PLAG,351,296,7
MH0811b_PLAG_153,MH0811b,Plagioclase,PLAG,263,65,7
MH0811b_PLAG_154,MH0811b,Plagioclase,PLAG,346,457,7
MH0811b_PLAG_155,MH0811b,Plagioclase,PLAG,232,226,7
MH0811b_PLAG_156,MH0811b,Plagioclase,PLAG,435,54,7
MH0811b_PLAG_157,MH0811b,Plagioclase,PLAG,35,488,7
MH0811b_PLAG_158,MH0811b,Plagioclase,PLAG,310,301,7
MH0811b_PLAG_159,MH0811b,Plagioclase,PLAG,70,4,7
MH0811b_PLAG_160,MH0811b,Plagioclase,PLAG,418,100,7
MH0811b_PLAG_161,MH0811b,Plagioclase,PLAG,338,292,7
MH0811b_PLAG_162,MH0811b,Plagioclase,PLAG,486,112,7
MH0811b_PLAG_163,MH0811b,Plagioclase,PLAG,111,22,7
MH0811b_PLAG_164,MH0811b,Plagioclase,PLAG,394,93,7
MH0811b_PLAG_165,MH0811b,Plagioclase,PLAG,473,134,7
MH0811b_PLAG_166,MH0811b,Plagioclase,PLAG,20,484,7
MH0811b_PLAG_167,MH0811b,Plagioclase,PLAG,4,214,7
MH0811b_PLAG_168,MH0811b,Plagioclase,PLAG,434,14,7
MH0811b_PLAG_169,MH0811b,Plagioclase,PLAG,22,101,7
MH0811b_PLAG_170,MH0811b,Plagioclase,PLAG,339,452,7
MH0811b_PLAG_171,MH0811b,Plagioclase,PLAG,434,95,7
MH0811b_PLAG_172,MH0811b,Plagioclase,PLAG,6,448,7
MH0811b_PLAG_173,MH0811b,Plagioclase,PLAG,34,117,7
MH0811b_PLAG_174,MH0811b,Plagioclase,PLAG,28,193,7
MH0811b_PLAG_175,MH0811b,Plagioclase,PLAG,453,137,7
MH0811b_PLAG_176,MH0811b,Plagioclase,PLAG,23,193,7
MH0811b_PLAG_177,MH0811b,Plagioclase,PLAG,452,155,7
MH0811b_PLAG_178,MH0811b,Plagioclase,PLAG,61,170,7
MH0811b_PLAG_179,MH0811b,Plagioclase,PLAG,338,455,7
MH0811b_PLAG_180,MH0811b,Plagioclase,PLAG,274,71,7
MH0811b_PLAG_181,MH0811b,Plagioclase,PLAG,84,158,7
MH0811b_PLAG_182,MH0811b,Plagioclase,PLAG,341,382,7
MH0811b_PLAG_183,MH0811b,Plagioclase,PLAG,280,136,7
MH0811b_PLAG_184,MH0811b,Plagioclase,PLAG,366,492,7
MH0811b_PLAG_185,MH0811b,Plagioclase,PLAG,65,11,7
MH0811b_PLAG_186,MH0811b,Plagioclase,PLAG,472,63,7
MH0811b_PLAG_187,MH0811b,Plagioclase,PLAG,444,13,7
MH0811b_PLAG_188,MH0811b,Plagioclase,PLAG,468,143,7
MH0811b_PLAG_189,MH0811b,Plagioclase,PLAG,354,485,7
MH0811b_PLAG_190,MH0811b,Plagioclase,PLAG,470,148,7
MH0811b_PLAG_191,MH0811b,Plagioclase,PLAG,487,152,7
MH0811b_PLAG_192,MH0811b,Plagioclase,PLAG,442,347,7
MH0811b_PLAG_193,MH0811b,Plagioclase,PLAG,22,194,7
MH0811b_PLAG_194,MH0811b,Plagioclase,PLAG,474,140,7
MH0811b_PLAG_195,MH0811b,Plagioclase,PLAG,246,221,7
MH0811b_PLAG_196,MH0811b,Plagioclase,PLAG,27,493,7
MH0811b_PLAG_197,MH0811b,Plagioclase,PLAG,286,159,7
MH0811b_PLAG_198,MH0811b,Plagioclase,PLAG,269,129,7
MH0811b_PLAG_199,MH0811b,Plagioclase,PLAG,29,170,7
MH0811b_SPL_000,MH0811b,Spinel_Group,SPL,223,130,7
MH0811b_SPL_001,MH0811b,Spinel_Group,SPL,176,209,7
MH0811b_SPL_002,MH0811b,Spinel_Group,SPL,159,95,7
MH0811b_SPL_003,MH0811b,Spinel_Group,SPL,224,129,7
MH0811b_SPL_004,MH0811b,Spinel_Group,SPL,28,338,7
MH0811b_SPL_005,MH0811b,Spinel_Group,SPL,32,338,7
MH0811b_SPL_006,MH0811b,Spinel_Group,SPL,159,96,7
MH0811b_SPL_007,MH0811b,Spinel_Group,SPL,158,103,7
MH0811b_SPL_008,MH0811b,Spinel_Group,SPL,62,276,7
MH0811b_SPL_009,MH0811b,Spinel_Group,SPL,158,97,7
MH0811b_SPL_010,MH0811b,Spinel_Group,SPL,28,328,7
MH0811b_SPL_011,MH0811b,Spinel_Group,SPL,157,103,7
MH0811b_SPL_012,MH0811b,Spinel_Group,SPL,60,270,7
MH0811b_SPL_013,MH0811b,Spinel_Group,SPL,58,278,7
MH0811b_SPL_014,MH0811b,Spinel_Group,SPL,57,273,7
MH0811b_SPL_015,MH0811b,Spinel_Group,SPL,33,335,7
MH0811b_SPL_016,MH0811b,Spinel_Group,SPL,58,268,7
MH0811b_SPL_017,MH0811b,Spinel_Group,SPL,56,272,7
MH0811b_SPL_018,MH0811b,Spinel_Group,SPL,58,264,7
MH0811b_SPL_019,MH0811b,Spinel_Group,SPL,26,333,7
MH0811b_SPL_020,MH0811b,Spinel_Group,SPL,210,206,7
MH0811b_SPL_021,MH0811b,Spinel_Group,SPL,58,279,7
MH0811b_SPL_022,MH0811b,Spinel_Group,SPL,56,268,7
MH0811b_SPL_023,MH0811b,Spinel_Group,SPL,57,269,7
MH0811b_SPL_024,MH0811b,Spinel_Group,SPL,26,329,7
MH0811b_SPL_025,MH0811b,Spinel_Group,SPL,60,276,7
MH0811b_SPL_026,MH0811b,Spinel_Group,SPL,176,210,7
MH0811b_SPL_027,MH0811b,Spinel_Group,SPL,159,99,7
MH0811b_SPL_028,MH0811b,Spinel_Group,SPL,32,335,7
MH0811b_SPL_029,MH0811b,Spinel_Group,SPL,155,104,7
MH0811b_SPL_030,MH0811b,Spinel_Group,SPL,31,332,7
MH0811b_SPL_031,MH0811b,Spinel_Group,SPL,180,219,7
MH0811b_SPL_032,MH0811b,Spinel_Group,SPL,57,267,7
MH0811b_SPL_033,MH0811b,Spinel_Group,SPL,28,334,7
MH0811b_SPL_034,MH0811b,Spinel_Group,SPL,29,336,7
MH0811b_SPL_035,MH0811b,Spinel_Group,SPL,182,218,7
MH0811b_SPL_036,MH0811b,Spinel_Group,SPL,149,103,7
MH0811b_SPL_037,MH0811b,Spinel_Group,SPL,157,102,7
MH0811b_SPL_038,MH0811b,Spinel_Group,SPL,28,339,7
MH0811b_SPL_039,MH0811b,Spinel_Group,SPL,58,275,7
MH0811b_SPL_040,MH0811b,Spinel_Group,SPL,177,209,7
MH0811b_SPL_041,MH0811b,Spinel_Group,SPL,180,218,7
MH0811b_SPL_042,MH0811b,Spinel_Group,SPL,57,264,7
MH0811b_SPL_043,MH0811b,Spinel_Group,SPL,180,217,7
MH0811b_SPL_044,MH0811b,Spinel_Group,SPL,489,383,7
MH0811b_SPL_045,MH0811b,Spinel_Group,SPL,56,269,7
MH0811b_SPL_046,MH0811b,Spinel_Group,SPL,27,328,7
MH0811b_SPL_047,MH0811b,Spinel_Group,SPL,177,217,7
MH0811b_SPL_048,MH0811b,Spinel_Group,SPL,177,212,7
MH0811b_SPL_049,MH0811b,Spinel_Group,SPL,61,272,7
MH0811b_SPL_050,MH0811b,Spinel_Group,SPL,159,97,7
MH0811b_SPL_051,MH0811b,Spinel_Group,SPL,158,96,7
MH0811b_SPL_052,MH0811b,Spinel_Group,SPL,32,337,7
MH0811b_SPL_053,MH0811b,Spinel_Group,SPL,59,277,7
MH0811b_SPL_054,MH0811b,Spinel_Group,SPL,59,266,7
MH0811b_SPL_055,MH0811b,Spinel_Group,SPL,60,279,7
MH0811b_SPL_056,MH0811b,Spinel_Group,SPL,158,102,7
MH0811b_SPL_057,MH0811b,Spinel_Group,SPL,30,333,7
MH0811b_SPL_058,MH0811b,Spinel_Group,SPL,159,93,7
MH0811b_SPL_059,MH0811b,Spinel_Group,SPL,159,100,7
MH0811b_SPL_060,MH0811b,Spinel_Group,SPL,490,381,7
MH0811b_SPL_061,MH0811b,Spinel_Group,SPL,56,277,7
MH0811b_SPL_062,MH0811b,Spinel_Group,SPL,175,213,7
MH0811b_SPL_063,MH0811b,Spinel_Group,SPL,58,271,7
MH0811b_SPL_064,MH0811b,Spinel_Group,SPL,221,130,7
MH0811b_SPL_065,MH0811b,Spinel_Group,SPL,55,276,7
MH0811b_SPL_066,MH0811b,Spinel_Group,SPL,29,333,7
MH0811b_SPL_067,MH0811b,Spinel_Group,SPL,58,265,7
MH0811b_SPL_068,MH0811b,Spinel_Group,SPL,161,96,7
MH0811b_SPL_069,MH0811b,Spinel_Group,SPL,32,334,7
MH0811b_SPL_070,MH0811b,Spinel_Group,SPL,31,335,7
MH0811b_SPL_071,MH0811b,Spinel_Group,SPL,56,273,7
MH0811b_SPL_072,MH0811b,Spinel_Group,SPL,181,217,7
MH0811b_SPL_073,MH0811b,Spinel_Group,SPL,57,271,7
MH0811b_SPL_074,MH0811b,Spinel_Group,SPL,63,274,7
MH0811b_SPL_075,MH0811b,Spinel_Group,SPL,54,278,7
MH0811b_SPL_076,MH0811b,Spinel_Group,SPL,60,272,7
MH0811b_SPL_077,MH0811b,Spinel_Group,SPL,28,327,7
MH0811b_SPL_078,MH0811b,Spinel_Group,SPL,31,337,7
MH0811b_SPL_079,MH0811b,Spinel_Group,SPL,59,267,7
MH0811b_SPL_080,MH0811b,Spinel_Group,SPL,29,331,7
MH0811b_SPL_081,MH0811b,Spinel_Group,SPL,28,333,7
MH0811b_SPL_082,MH0811b,Spinel_Group,SPL,55,273,7
MH0811b_SPL_083,MH0811b,Spinel_Group,SPL,152,104,7
MH0811b_SPL_084,MH0811b,Spinel_Group,SPL,178,216,7
MH0811b_SPL_085,MH0811b,Spinel_Group,SPL,60,274,7
MH0811b_SPL_086,MH0811b,Spinel_Group,SPL,56,275,7
MH0811b_SPL_087,MH0811b,Spinel_Group,SPL,55,277,7
MH0811b_SPL_088,MH0811b,Spinel_Group,SPL,60,278,7
MH0811b_SPL_089,MH0811b,Spinel_Group,SPL,158,101,7
MH0811b_SPL_090,MH0811b,Spinel_Group,SPL,150,104,7
MH0811b_SPL_091,MH0811b,Spinel_Group,SPL,28,336,7
MH0811b_SPL_092,MH0811b,Spinel_Group,SPL,31,338,7
MH0811b_SPL_093,MH0811b,Spinel_Group,SPL,61,278,7
MH0811b_SPL_094,MH0811b,Spinel_Group,SPL,59,273,7
MH0811b_SPL_095,MH0811b,Spinel_Group,SPL,61,274,7
MH0811b_SPL_096,MH0811b,Spinel_Group,SPL,488,382,7
MH0811b_SPL_097,MH0811b,Spinel_Group,SPL,490,382,7
MH0811b_SPL_098,MH0811b,Spinel_Group,SPL,490,383,7
MH0811b_SPL_099,MH0811b,Spinel_Group,SPL,55,278,7
MH0811b_SPL_100,MH0811b,Spinel_Group,SPL,57,276,7
MH0811b_SPL_101,MH0811b,Spinel_Group,SPL,222,129,7
MH0811b_SPL_102,MH0811b,Spinel_Group,SPL,56,274,7
MH0811b_SPL_103,MH0811b,Spinel_Group,SPL,488,379,7
MH0811b_SPL_104,MH0811b,Spinel_Group,SPL,155,103,7
MH0811b_SPL_105,MH0811b,Spinel_Group,SPL,29,334,7
MH0811b_SPL_106,MH0811b,Spinel_Group,SPL,60,277,7
MH0811b_SPL_107,MH0811b,Spinel_Group,SPL,223,128,7
MH0811b_SPL_108,MH0811b,Spinel_Group,SPL,62,278,7
MH0811b_SPL_109,MH0811b,Spinel_Group,SPL,158,100,7
MH0811b_SPL_110,MH0811b,Spinel_Group,SPL,31,333,7
MH0811b_SPL_111,MH0811b,Spinel_Group,SPL,55,279,7
MH0811b_SPL_112,MH0811b,Spinel_Group,SPL,157,101,7
MH0811b_SPL_113,MH0811b,Spinel_Group,SPL,161,94,7
MH0811b_SPL_114,MH0811b,Spinel_Group,SPL,61,271,7
MH0811b_SPL_115,MH0811b,Spinel_Group,SPL,58,277,7
MH0811b_SPL_116,MH0811b,Spinel_Group,SPL,63,277,7
MH0811b_SPL_117,MH0811b,Spinel_Group,SPL,149,104,7
MH0811b_SPL_118,MH0811b,Spinel_Group,SPL,54,277,7
MH0811b_SPL_119,MH0811b,Spinel_Group,SPL,59,269,7
MH0811b_SPL_120,MH0811b,Spinel_Group,SPL,30,337,7
MH0811b_SPL_121,MH0811b,Spinel_Group,SPL,159,98,7
MH0811b_SPL_122,MH0811b,Spinel_Group,SPL,160,97,7
MH0811b_SPL_123,MH0811b,Spinel_Group,SPL,489,380,7
MH0811b_SPL_124,MH0811b,Spinel_Group,SPL,156,103,7
MH0811b_SPL_125,MH0811b,Spinel_Group,SPL,62,274,7
MH0811b_SPL_126,MH0811b,Spinel_Group,SPL,151,105,7
MH0811b_SPL_127,MH0811b,Spinel_Group,SPL,150,103,7
MH0811b_SPL_128,MH0811b,Spinel_Group,SPL,30,335,7
MH0811b_SPL_129,MH0811b,Spinel_Group,SPL,179,217,7
MH0811b_SPL_130,MH0811b,Spinel_Group,SPL,30,338,7
MH0811b_SPL_131,MH0811b,Spinel_Group,SPL,59,280,7
MH0811b_SPL_132,MH0811b,Spinel_Group,SPL,26,334,7
MH0811b_SPL_133,MH0811b,Spinel_Group,SPL,28,331,7
MH0811b_SPL_134,MH0811b,Spinel_Group,SPL,59,271,7
MH0811b_SPL_135,MH0811b,Spinel_Group,SPL,57,277,7
MH0811b_SPL_136,MH0811b,Spinel_Group,SPL,159,94,7
MH0811b_SPL_137,MH0811b,Spinel_Group,SPL,154,103,7
MH0811b_SPL_138,MH0811b,Spinel_Group,SPL,59,278,7
MH0811b_SPL_139,MH0811b,Spinel_Group,SPL,179,215,7
MH0811b_SPL_140,MH0811b,Spinel_Group,SPL,490,379,7
MH0811b_SPL_141,MH0811b,Spinel_Group,SPL,31,334,7
MH0811b_SPL_142,MH0811b,Spinel_Group,SPL,56,279,7
MH0811b_SPL_143,MH0811b,Spinel_Group,SPL,27,329,7
MH0811b_SPL_144,MH0811b,Spinel_Group,SPL,59,276,7
MH0811b_SPL_145,MH0811b,Spinel_Group,SPL,177,216,7
MH0811b_SPL_146,MH0811b,Spinel_Group,SPL,56,266,7
MH0811b_SPL_147,MH0811b,Spinel_Group,SPL,59,274,7
MH0811b_SPL_148,MH0811b,Spinel_Group,SPL,56,270,7
MH0811b_SPL_149,MH0811b,Spinel_Group,SPL,177,214,7
MH0811b_SPL_150,MH0811b,Spinel_Group,SPL,177,208,7
MH0811b_SPL_151,MH0811b,Spinel_Group,SPL,156,102,7
MH0811b_SPL_152,MH0811b,Spinel_Group,SPL,58,272,7
MH0811b_SPL_153,MH0811b,Spinel_Group,SPL,57,278,7
MH0811b_SPL_154,MH0811b,Spinel_Group,SPL,27,335,7
MH0811b_SPL_155,MH0811b,Spinel_Group,SPL,62,273,7
MH0811b_SPL_156,MH0811b,Spinel_Group,SPL,29,332,7
MH0811b_SPL_157,MH0811b,Spinel_Group,SPL,176,212,7
MH0811b_SPL_158,MH0811b,Spinel_Group,SPL,59,268,7
MH0811b_SPL_159,MH0811b,Spinel_Group,SPL,154,104,7
MH0811b_SPL_160,MH0811b,Spinel_Group,SPL,61,275,7
MH0811b_SPL_161,MH0811b,Spinel_Group,SPL,488,381,7
MH0811b_SPL_162,MH0811b,Spinel_Group,SPL,57,272,7
MH0811b_SPL_163,MH0811b,Spinel_Group,SPL,33,336,7
MH0811b_SPL_164,MH0811b,Spinel_Group,SPL,158,95,7
MH0811b_SPL_165,MH0811b,Spinel_Group,SPL,58,274,7
MH0811b_SPL_166,MH0811b,Spinel_Group,SPL,176,215,7
MH0811b_SPL_167,MH0811b,Spinel_Group,SPL,57,274,7
MH0811b_SPL_168,MH0811b,Spinel_Group,SPL,180,215,7
MH0811b_SPL_169,MH0811b,Spinel_Group,SPL,29,338,7
MH0811b_SPL_170,MH0811b,Spinel_Group,SPL,487,380,7
MH0811b_SPL_171,MH0811b,Spinel_Group,SPL,60,280,7
MH0811b_SPL_172,MH0811b,Spinel_Group,SPL,30,339,7
MH0811b_SPL_173,MH0811b,Spinel_Group,SPL,28,332,7
MH0811b_SPL_174,MH0811b,Spinel_Group,SPL,60,269,7
MH0811b_SPL_175,MH0811b,Spinel_Group,SPL,488,380,7
MH0811b_SPL_176,MH0811b,Spinel_Group,SPL,29,337,7
MH0811b_SPL_177,MH0811b,Spinel_Group,SPL,58,269,7
MH0811b_SPL_178,MH0811b,Spinel_Group,SPL,59,279,7
MH0811b_SPL_179,MH0811b,Spinel_Group,SPL,223,129,7
MH0811b_SPL_180,MH0811b,Spinel_Group,SPL,29,335,7
MH0811b_SPL_181,MH0811b,Spinel_Group,SPL,26,335,7
MH0811b_SPL_182,MH0811b,Spinel_Group,SPL,151,103,7
MH0811b_SPL_183,MH0811b,Spinel_Group,SPL,31,336,7
MH0811b_SPL_184,MH0811b,Spinel_Group,SPL,30,331,7
MH0811b_SPL_185,MH0811b,Spinel_Group,SPL,58,270,7
MH0811b_SPL_186,MH0811b,Spinel_Group,SPL,222,131,7
MH0811b_SPL_187,MH0811b,Spinel_Group,SPL,56,271,7
MH0811b_SPL_188,MH0811b,Spinel_Group,SPL,58,273,7
MH0811b_SPL_189,MH0811b,Spinel_Group,SPL,27,331,7
MH0811b_SPL_190,MH0811b,Spinel_Group,SPL,160,95,7
MH0811b_SPL_191,MH0811b,Spinel_Group,SPL,56,276,7
MH0811b_SPL_192,MH0811b,Spinel_Group,SPL,176,214,7
MH0811b_SPL_193,MH0811b,Spinel_Group,SPL,61,273,7
MH0811b_SPL_194,MH0811b,Spinel_Group,SPL,57,279,7
MH0811b_SPL_195,MH0811b,Spinel_Group,SPL,487,379,7
MH0811b_SPL_196,MH0811b,Spinel_Group,SPL,27,334,7
MH0811b_SPL_197,MH0811b,Spinel_Group,SPL,62,272,7
MH0811b_SPL_198,MH0811b,Spinel_Group,SPL,158,93,7
MH0811b_SPL_199,MH0811b,Spinel_Group,SPL,27,333,7
MH0811b_RHOMB OX_000,MH0811b,Rhombohedral_Oxides,RHOMB OX,317,342,7
MH0811b_RHOMB OX_001,MH0811b,Rhombohedral_Oxides,RHOMB OX,407,282,7
MH0811b_RHOMB OX_002,MH0811b,Rhombohedral_Oxides,RHOMB OX,314,359,7
MH0811b_RHOMB OX_003,MH0811b,Rhombohedral_Oxides,RHOMB OX,329,362,7
MH0811b_RHOMB OX_004,MH0811b,Rhombohedral_Oxides,RHOMB OX,321,361,7
MH0811b_RHOMB OX_005,MH0811b,Rhombohedral_Oxides,RHOMB OX,320,359,7
MH0811b_RHOMB OX_006,MH0811b,Rhombohedral_Oxides,RHOMB OX,328,227,7
MH0811b_RHOMB OX_007,MH0811b,Rhombohedral_Oxides,RHOMB OX,395,237,7
MH0811b_RHOMB OX_008,MH0811b,Rhombohedral_Oxides,RHOMB OX,406,287,7
MH0811b_RHOMB OX_009,MH0811b,Rhombohedral_Oxides,RHOMB OX,71,37,7
MH0811b_RHOMB OX_010,MH0811b,Rhombohedral_Oxides,RHOMB OX,327,348,7
MH0811b_RHOMB OX_011,MH0811b,Rhombohedral_Oxides,RHOMB OX,411,288,7
MH0811b_RHOMB OX_012,MH0811b,Rhombohedral_Oxides,RHOMB OX,325,351,7
MH0811b_RHOMB OX_013,MH0811b,Rhombohedral_Oxides,RHOMB OX,321,351,7
MH0811b_RHOMB OX_014,MH0811b,Rhombohedral_Oxides,RHOMB OX,317,353,7
MH0811b_RHOMB OX_015,MH0811b,Rhombohedral_Oxides,RHOMB OX,322,342,7
MH0811b_RHOMB OX_016,MH0811b,Rhombohedral_Oxides,RHOMB OX,73,45,7
MH0811b_RHOMB OX_017,MH0811b,Rhombohedral_Oxides,RHOMB OX,315,344,7
MH0811b_RHOMB OX_018,MH0811b,Rhombohedral_Oxides,RHOMB OX,333,351,7
MH0811b_RHOMB OX_019,MH0811b,Rhombohedral_Oxides,RHOMB OX,314,354,7
MH0811b_RHOMB OX_020,MH0811b,Rhombohedral_Oxides,RHOMB OX,332,354,7
MH0811b_RHOMB OX_021,MH0811b,Rhombohedral_Oxides,RHOMB OX,319,349,7
MH0811b_RHOMB OX_022,MH0811b,Rhombohedral_Oxides,RHOMB OX,409,287,7
MH0811b_RHOMB OX_023,MH0811b,Rhombohedral_Oxides,RHOMB OX,333,352,7
MH0811b_RHOMB OX_024,MH0811b,Rhombohedral_Oxides,RHOMB OX,315,355,7
MH0811b_RHOMB OX_025,MH0811b,Rhombohedral_Oxides,RHOMB OX,332,357,7
MH0811b_RHOMB OX_026,MH0811b,Rhombohedral_Oxides,RHOMB OX,321,346,7
MH0811b_RHOMB OX_027,MH0811b,Rhombohedral_Oxides,RHOMB OX,319,345,7
MH0811b_RHOMB OX_028,MH0811b,Rhombohedral_Oxides,RHOMB OX,318,349,7
MH0811b_RHOMB OX_029,MH0811b,Rhombohedral_Oxides,RHOMB OX,409,290,7
MH0811b_RHOMB OX_030,MH0811b,Rhombohedral_Oxides,RHOMB OX,320,353,7
MH0811b_RHOMB OX_031,MH0811b,Rhombohedral_Oxides,RHOMB OX,319,354,7
MH0811b_RHOMB OX_032,MH0811b,Rhombohedral_Oxides,RHOMB OX,331,350,7
MH0811b_RHOMB OX_033,MH0811b,Rhombohedral_Oxides,RHOMB OX,330,355,7
MH0811b_RHOMB OX_034,MH0811b,Rhombohedral_Oxides,RHOMB OX,318,360,7
MH0811b_RHOMB OX_035,MH0811b,Rhombohedral_Oxides,RHOMB OX,316,349,7
MH0811b_RHOMB OX_036,MH0811b,Rhombohedral_Oxides,RHOMB OX,321,358,7
MH0811b_RHOMB OX_037,MH0811b,Rhombohedral_Oxides,RHOMB OX,329,356,7
MH0811b_RHOMB OX_038,MH0811b,Rhombohedral_Oxides,RHOMB OX,322,351,7
MH0811b_RHOMB OX_039,MH0811b,Rhombohedral_Oxides,RHOMB OX,295,91,7
MH0811b_RHOMB OX_040,MH0811b,Rhombohedral_Oxides,RHOMB OX,322,358,7
MH0811b_RHOMB OX_041,MH0811b,Rhombohedral_Oxides,RHOMB OX,318,354,7
MH0811b_RHOMB OX_042,MH0811b,Rhombohedral_Oxides,RHOMB OX,332,352,7
MH0811b_RHOMB OX_043,MH0811b,Rhombohedral_Oxides,RHOMB OX,319,342,7
MH0811b_RHOMB OX_044,MH0811b,Rhombohedral_Oxides,RHOMB OX,332,359,7
MH0811b_RHOMB OX_045,MH0811b,Rhombohedral_Oxides,RHOMB OX,320,346,7
MH0811b_RHOMB OX_046,MH0811b,Rhombohedral_Oxides,RHOMB OX,408,283,7
MH0811b_RHOMB OX_047,MH0811b,Rhombohedral_Oxides,RHOMB OX,323,345,7
MH0811b_RHOMB OX_048,MH0811b,Rhombohedral_Oxides,RHOMB OX,322,352,7
MH0811b_RHOMB OX_049,MH0811b,Rhombohedral_Oxides,RHOMB OX,327,226,7
MH0811b_RHOMB OX_050,MH0811b,Rhombohedral_Oxides,RHOMB OX,327,362,7
MH0811b_RHOMB OX_051,MH0811b,Rhombohedral_Oxides,RHOMB OX,292,83,7
MH0811b_RHOMB OX_052,MH0811b,Rhombohedral_Oxides,RHOMB OX,408,290,7
MH0811b_RHOMB OX_053,MH0811b,Rhombohedral_Oxides,RHOMB OX,314,356,7
MH0811b_RHOMB OX_054,MH0811b,Rhombohedral_Oxides,RHOMB OX,324,353,7
MH0811b_RHOMB OX_055,MH0811b,Rhombohedral_Oxides,RHOMB OX,326,355,7
MH0811b_RHOMB OX_056,MH0811b,Rhombohedral_Oxides,RHOMB OX,73,44,7
MH0811b_RHOMB OX_057,MH0811b,Rhombohedral_Oxides,RHOMB OX,325,353,7
MH0811b_RHOMB OX_058,MH0811b,Rhombohedral_Oxides,RHOMB OX,315,353,7
MH0811b_RHOMB OX_059,MH0811b,Rhombohedral_Oxides,RHOMB OX,326,363,7
MH0811b_RHOMB OX_060,MH0811b,Rhombohedral_Oxides,RHOMB OX,327,352,7
MH0811b_RHOMB OX_061,MH0811b,Rhombohedral_Oxides,RHOMB OX,409,293,7
MH0811b_RHOMB OX_062,MH0811b,Rhombohedral_Oxides,RHOMB OX,317,360,7
MH0811b_RHOMB OX_063,MH0811b,Rhombohedral_Oxides,RHOMB OX,408,292,7
MH0811b_RHOMB OX_064,MH0811b,Rhombohedral_Oxides,RHOMB OX,328,228,7
MH0811b_RHOMB OX_065,MH0811b,Rhombohedral_Oxides,RHOMB OX,329,357,7
MH0811b_RHOMB OX_066,MH0811b,Rhombohedral_Oxides,RHOMB OX,328,359,7
MH0811b_RHOMB OX_067,MH0811b,Rhombohedral_Oxides,RHOMB OX,328,364,7
MH0811b_RHOMB OX_068,MH0811b,Rhombohedral_Oxides,RHOMB OX,318,351,7
MH0811b_RHOMB OX_069,MH0811b,Rhombohedral_Oxides,RHOMB OX,295,96,7
MH0811b_RHOMB OX_070,MH0811b,Rhombohedral_Oxides,RHOMB OX,72,42,7
MH0811b_RHOMB OX_071,MH0811b,Rhombohedral_Oxides,RHOMB OX,320,350,7
MH0811b_RHOMB OX_072,MH0811b,Rhombohedral_Oxides,RHOMB OX,410,286,7
MH0811b_RHOMB OX_073,MH0811b,Rhombohedral_Oxides,RHOMB OX,72,40,7
MH0811b_RHOMB OX_074,MH0811b,Rhombohedral_Oxides,RHOMB OX,329,358,7
MH0811b_RHOMB OX_075,MH0811b,Rhombohedral_Oxides,RHOMB OX,329,231,7
MH0811b_RHOMB OX_076,MH0811b,Rhombohedral_Oxides,RHOMB OX,317,346,7
MH0811b_RHOMB OX_077,MH0811b,Rhombohedral_Oxides,RHOMB OX,314,358,7
MH0811b_RHOMB OX_078,MH0811b,Rhombohedral_Oxides,RHOMB OX,327,351,7
MH0811b_RHOMB OX_079,MH0811b,Rhombohedral_Oxides,RHOMB OX,319,358,7
MH0811b_RHOMB OX_080,MH0811b,Rhombohedral_Oxides,RHOMB OX,56,13,7
MH0811b_RHOMB OX_081,MH0811b,Rhombohedral_Oxides,RHOMB OX,296,95,7
MH0811b_RHOMB OX_082,MH0811b,Rhombohedral_Oxides,RHOMB OX,318,345,7
MH0811b_RHOMB OX_083,MH0811b,Rhombohedral_Oxides,RHOMB OX,326,352,7
MH0811b_RHOMB OX_084,MH0811b,Rhombohedral_Oxides,RHOMB OX,294,90,7
MH0811b_RHOMB OX_085,MH0811b,Rhombohedral_Oxides,RHOMB OX,406,285,7
MH0811b_RHOMB OX_086,MH0811b,Rhombohedral_Oxides,RHOMB OX,314,352,7
MH0811b_RHOMB OX_087,MH0811b,Rhombohedral_Oxides,RHOMB OX,329,233,7
MH0811b_RHOMB OX_088,MH0811b,Rhombohedral_Oxides,RHOMB OX,317,343,7
MH0811b_RHOMB OX_089,MH0811b,Rhombohedral_Oxides,RHOMB OX,326,227,7
MH0811b_RHOMB OX_090,MH0811b,Rhombohedral_Oxides,RHOMB OX,295,23,7
MH0811b_RHOMB OX_091,MH0811b,Rhombohedral_Oxides,RHOMB OX,331,354,7
MH0811b_RHOMB OX_092,MH0811b,Rhombohedral_Oxides,RHOMB OX,314,349,7
MH0811b_RHOMB OX_093,MH0811b,Rhombohedral_Oxides,RHOMB OX,73,41,7
MH0811b_RHOMB OX_094,MH0811b,Rhombohedral_Oxides,RHOMB OX,321,357,7
MH0811b_RHOMB OX_095,MH0811b,Rhombohedral_Oxides,RHOMB OX,407,286,7
MH0811b_RHOMB OX_096,MH0811b,Rhombohedral_Oxides,RHOMB OX,293,88,7
MH0811b_RHOMB OX_097,MH0811b,Rhombohedral_Oxides,RHOMB OX,321,344,7
MH0811b_RHOMB OX_098,MH0811b,Rhombohedral_Oxides,RHOMB OX,319,350,7
MH0811b_RHOMB OX_099,MH0811b,Rhombohedral_Oxides,RHOMB OX,74,44,7
MH0811b_RHOMB OX_100,MH0811b,Rhombohedral_Oxides,RHOMB OX,315,346,7
MH0811b_RHOMB OX_101,MH0811b,Rhombohedral_Oxides,RHOMB OX,407,285,7
MH0811b_RHOMB OX_102,MH0811b,Rhombohedral_Oxides,RHOMB OX,326,362,7
MH0811b_RHOMB OX_103,MH0811b,Rhombohedral_Oxides,RHOMB OX,324,357,7
MH0811b_RHOMB OX_104,MH0811b,Rhombohedral_Oxides,RHOMB OX,317,349,7
MH0811b_RHOMB OX_105,MH0811b,Rhombohedral_Oxides,RHOMB OX,328,358,7
MH0811b_RHOMB OX_106,MH0811b,Rhombohedral_Oxides,RHOMB OX,314,348,7
MH0811b_RHOMB OX_107,MH0811b,Rhombohedral_Oxides,RHOMB OX,324,349,7
MH0811b_RHOMB OX_108,MH0811b,Rhombohedral_Oxides,RHOMB OX,326,358,7
MH0811b_RHOMB OX_109,MH0811b,Rhombohedral_Oxides,RHOMB OX,322,346,7
MH0811b_RHOMB OX_110,MH0811b,Rhombohedral_Oxides,RHOMB OX,409,291,7
MH0811b_RHOMB OX_111,MH0811b,Rhombohedral_Oxides,RHOMB OX,318,343,7
MH0811b_RHOMB OX_112,MH0811b,Rhombohedral_Oxides,RHOMB OX,317,348,7
MH0811b_RHOMB OX_113,MH0811b,Rhombohedral_Oxides,RHOMB OX,323,353,7
MH0811b_RHOMB OX_114,MH0811b,Rhombohedral_Oxides,RHOMB OX,330,351,7
MH0811b_RHOMB OX_115,MH0811b,Rhombohedral_Oxides,RHOMB OX,324,356,7
MH0811b_RHOMB OX_116,MH0811b,Rhombohedral_Oxides,RHOMB OX,329,355,7
MH0811b_RHOMB OX_117,MH0811b,Rhombohedral_Oxides,RHOMB OX,328,352,7
MH0811b_RHOMB OX_118,MH0811b,Rhombohedral_Oxides,RHOMB OX,316,344,7
MH0811b_RHOMB OX_119,MH0811b,Rhombohedral_Oxides,RHOMB OX,314,345,7
MH0811b_RHOMB OX_120,MH0811b,Rhombohedral_Oxides,RHOMB OX,330,362,7
MH0811b_RHOMB OX_121,MH0811b,Rhombohedral_Oxides,RHOMB OX,321,353,7
MH0811b_RHOMB OX_122,MH0811b,Rhombohedral_Oxides,RHOMB OX,320,354,7
MH0811b_RHOMB OX_123,MH0811b,Rhombohedral_Oxides,RHOMB OX,328,355,7
MH0811b_RHOMB OX_124,MH0811b,Rhombohedral_Oxides,RHOMB OX,324,346,7
MH0811b_RHOMB OX_125,MH0811b,Rhombohedral_Oxides,RHOMB OX,320,347,7
MH0811b_RHOMB OX_126,MH0811b,Rhombohedral_Oxides,RHOMB OX,325,350,7
MH0811b_RHOMB OX_127,MH0811b,Rhombohedral_Oxides,RHOMB OX,406,282,7
MH0811b_RHOMB OX_128,MH0811b,Rhombohedral_Oxides,RHOMB OX,325,357,7
MH0811b_RHOMB OX_129,MH0811b,Rhombohedral_Oxides,RHOMB OX,293,86,7
MH0811b_RHOMB OX_130,MH0811b,Rhombohedral_Oxides,RHOMB OX,74,45,7
MH0811b_RHOMB OX_131,MH0811b,Rhombohedral_Oxides,RHOMB OX,322,344,7
MH0811b_RHOMB OX_132,MH0811b,Rhombohedral_Oxides,RHOMB OX,328,230,7
MH0811b_RHOMB OX_133,MH0811b,Rhombohedral_Oxides,RHOMB OX,69,34,7
MH0811b_RHOMB OX_134,MH0811b,Rhombohedral_Oxides,RHOMB OX,326,365,7
MH0811b_RHOMB OX_135,MH0811b,Rhombohedral_Oxides,RHOMB OX,294,91,7
MH0811b_RHOMB OX_136,MH0811b,Rhombohedral_Oxides,RHOMB OX,396,241,7
MH0811b_RHOMB OX_137,MH0811b,Rhombohedral_Oxides,RHOMB OX,318,358,7
MH0811b_RHOMB OX_138,MH0811b,Rhombohedral_Oxides,RHOMB OX,408,285,7
MH0811b_RHOMB OX_139,MH0811b,Rhombohedral_Oxides,RHOMB OX,74,43,7
MH0811b_RHOMB OX_140,MH0811b,Rhombohedral_Oxides,RHOMB OX,72,39,7
MH0811b_RHOMB OX_141,MH0811b,Rhombohedral_Oxides,RHOMB OX,329,348,7
MH0811b_RHOMB OX_142,MH0811b,Rhombohedral_Oxides,RHOMB OX,291,81,7
MH0811b_RHOMB OX_143,MH0811b,Rhombohedral_Oxides,RHOMB OX,332,353,7
MH0811b_RHOMB OX_144,MH0811b,Rhombohedral_Oxides,RHOMB OX,326,346,7
MH0811b_RHOMB OX_145,MH0811b,Rhombohedral_Oxides,RHOMB OX,317,352,7
MH0811b_RHOMB OX_146,MH0811b,Rhombohedral_Oxides,RHOMB OX,318,344,7
MH0811b_RHOMB OX_147,MH0811b,Rhombohedral_Oxides,RHOMB OX,330,360,7
MH0811b_RHOMB OX_148,MH0811b,Rhombohedral_Oxides,RHOMB OX,317,356,7
MH0811b_RHOMB OX_149,MH0811b,Rhombohedral_Oxides,RHOMB OX,315,360,7
MH0811b_RHOMB OX_150,MH0811b,Rhombohedral_Oxides,RHOMB OX,324,351,7
MH0811b_RHOMB OX_151,MH0811b,Rhombohedral_Oxides,RHOMB OX,325,347,7
MH0811b_RHOMB OX_152,MH0811b,Rhombohedral_Oxides,RHOMB OX,325,359,7
MH0811b_RHOMB OX_153,MH0811b,Rhombohedral_Oxides,RHOMB OX,321,359,7
MH0811b_RHOMB OX_154,MH0811b,Rhombohedral_Oxides,RHOMB OX,316,360,7
MH0811b_RHOMB OX_155,MH0811b,Rhombohedral_Oxides,RHOMB OX,325,360,7
MH0811b_RHOMB OX_156,MH0811b,Rhombohedral_Oxides,RHOMB OX,332,361,7
MH0811b_RHOMB OX_157,MH0811b,Rhombohedral_Oxides,RHOMB OX,321,352,7
MH0811b_RHOMB OX_158,MH0811b,Rhombohedral_Oxides,RHOMB OX,332,350,7
MH0811b_RHOMB OX_159,MH0811b,Rhombohedral_Oxides,RHOMB OX,70,38,7
MH0811b_RHOMB OX_160,MH0811b,Rhombohedral_Oxides,RHOMB OX,325,363,7
MH0811b_RHOMB OX_161,MH0811b,Rhombohedral_Oxides,RHOMB OX,323,358,7
MH0811b_RHOMB OX_162,MH0811b,Rhombohedral_Oxides,RHOMB OX,330,233,7
MH0811b_RHOMB OX_163,MH0811b,Rhombohedral_Oxides,RHOMB OX,319,353,7
MH0811b_RHOMB OX_164,MH0811b,Rhombohedral_Oxides,RHOMB OX,320,351,7
MH0811b_RHOMB OX_165,MH0811b,Rhombohedral_Oxides,RHOMB OX,411,286,7
MH0811b_RHOMB OX_166,MH0811b,Rhombohedral_Oxides,RHOMB OX,315,349,7
MH0811b_RHOMB OX_167,MH0811b,Rhombohedral_Oxides,RHOMB OX,326,353,7
MH0811b_RHOMB OX_168,MH0811b,Rhombohedral_Oxides,RHOMB OX,328,231,7
MH0811b_RHOMB OX_169,MH0811b,Rhombohedral_Oxides,RHOMB OX,314,357,7
MH0811b_RHOMB OX_170,MH0811b,Rhombohedral_Oxides,RHOMB OX,327,230,7
MH0811b_RHOMB OX_171,MH0811b,Rhombohedral_Oxides,RHOMB OX,71,39,7
MH0811b_RHOMB OX_172,MH0811b,Rhombohedral_Oxides,RHOMB OX,326,228,7
MH0811b_RHOMB OX_173,MH0811b,Rhombohedral_Oxides,RHOMB OX,327,358,7
MH0811b_RHOMB OX_174,MH0811b,Rhombohedral_Oxides,RHOMB OX,57,14,7
MH0811b_RHOMB OX_175,MH0811b,Rhombohedral_Oxides,RHOMB OX,323,346,7
MH0811b_RHOMB OX_176,MH0811b,Rhombohedral_Oxides,RHOMB OX,328,356,7
MH0811b_RHOMB OX_177,MH0811b,Rhombohedral_Oxides,RHOMB OX,322,359,7
MH0811b_RHOMB OX_178,MH0811b,Rhombohedral_Oxides,RHOMB OX,322,345,7
MH0811b_RHOMB OX_179,MH0811b,Rhombohedral_Oxides,RHOMB OX,317,358,7
MH0811b_RHOMB OX_180,MH0811b,Rhombohedral_Oxides,RHOMB OX,330,361,7
MH0811b_RHOMB OX_181,MH0811b,Rhombohedral_Oxides,RHOMB OX,334,354,7
MH0811b_RHOMB OX_182,MH0811b,Rhombohedral_Oxides,RHOMB OX,328,232,7
MH0811b_RHOMB OX_183,MH0811b,Rhombohedral_Oxides,RHOMB OX,318,342,7
MH0811b_RHOMB OX_184,MH0811b,Rhombohedral_Oxides,RHOMB OX,318,361,7
MH0811b_RHOMB OX_185,MH0811b,Rhombohedral_Oxides,RHOMB OX,294,93,7
MH0811b_RHOMB OX_186,MH0811b,Rhombohedral_Oxides,RHOMB OX,408,286,7
MH0811b_RHOMB OX_187,MH0811b,Rhombohedral_Oxides,RHOMB OX,71,38,7
MH0811b_RHOMB OX_188,MH0811b,Rhombohedral_Oxides,RHOMB OX,330,234,7
MH0811b_RHOMB OX_189,MH0811b,Rhombohedral_Oxides,RHOMB OX,330,350,7
MH0811b_RHOMB OX_190,MH0811b,Rhombohedral_Oxides,RHOMB OX,325,356,7
MH0811b_RHOMB OX_191,MH0811b,Rhombohedral_Oxides,RHOMB OX,333,237,7
MH0811b_RHOMB OX_192,MH0811b,Rhombohedral_Oxides,RHOMB OX,330,230,7
MH0811b_RHOMB OX_193,MH0811b,Rhombohedral_Oxides,RHOMB OX,328,353,7
MH0811b_RHOMB OX_194,MH0811b,Rhombohedral_Oxides,RHOMB OX,322,360,7
MH0811b_RHOMB OX_195,MH0811b,Rhombohedral_Oxides,RHOMB OX,328,354,7
MH0811b_RHOMB OX_196,MH0811b,Rhombohedral_Oxides,RHOMB OX,329,350,7
MH0811b_RHOMB OX_197,MH0811b,Rhombohedral_Oxides,RHOMB OX,319,346,7
MH0811b_RHOMB OX_198,MH0811b,Rhombohedral_Oxides,RHOMB OX,328,225,7
MH0811b_RHOMB OX_199,MH0811b,Rhombohedral_Oxides,RHOMB OX,314,355,7
Bii_AMPH_000,Bii,Amphibole,AMPH,116,65,7
Bii_AMPH_001,Bii,Amphibole,AMPH,122,36,7
Bii_AMPH_002,Bii,Amphibole,AMPH,99,42,7
Bii_AMPH_003,Bii,Amphibole,AMPH,146,110,7
Bii_AMPH_004,Bii,Amphibole,AMPH,131,102,7
Bii_AMPH_005,Bii,Amphibole,AMPH,113,50,7
Bii_AMPH_006,Bii,Amphibole,AMPH,89,90,7
Bii_AMPH_007,Bii,Amphibole,AMPH,107,32,7
Bii_AMPH_008,Bii,Amphibole,AMPH,117,110,7
Bii_AMPH_009,Bii,Amphibole,AMPH,137,87,7
Bii_AMPH_010,Bii,Amphibole,AMPH,104,107,7
Bii_AMPH_011,Bii,Amphibole,AMPH,120,34,7
Bii_AMPH_012,Bii,Amphibole,AMPH,172,32,7
Bii_AMPH_013,Bii,Amphibole,AMPH,115,40,7
Bii_AMPH_014,Bii,Amphibole,AMPH,103,79,7
Bii_AMPH_015,Bii,Amphibole,AMPH,155,88,7
Bii_AMPH_016,Bii,Amphibole,AMPH,156,38,7
Bii_AMPH_017,Bii,Amphibole,AMPH,115,114,7
Bii_AMPH_018,Bii,Amphibole,AMPH,164,91,7
Bii_AMPH_019,Bii,Amphibole,AMPH,95,51,7
Bii_AMPH_020,Bii,Amphibole,AMPH,128,22,7
Bii_AMPH_021,Bii,Amphibole,AMPH,91,61,7
Bii_AMPH_022,Bii,Amphibole,AMPH,143,102,7
Bii_AMPH_023,Bii,Amphibole,AMPH,116,69,7
Bii_AMPH_024,Bii,Amphibole,AMPH,117,93,7
Bii_AMPH_025,Bii,Amphibole,AMPH,137,245,7
Bii_AMPH_026,Bii,Amphibole,AMPH,122,18,7
Bii_AMPH_027,Bii,Amphibole,AMPH,111,118,7
Bii_AMPH_028,Bii,Amphibole,AMPH,107,42,7
Bii_AMPH_029,Bii,Amphibole,AMPH,87,82,7
Bii_AMPH_030,Bii,Amphibole,AMPH,122,28,7
Bii_AMPH_031,Bii,Amphibole,AMPH,150,97,7
Bii_AMPH_032,Bii,Amphibole,AMPH,114,63,7
Bii_AMPH_033,Bii,Amphibole,AMPH,108,38,7
Bii_AMPH_034,Bii,Amphibole,AMPH,163,288,7
Bii_AMPH_035,Bii,Amphibole,AMPH,92,94,7
Bii_AMPH_036,Bii,Amphibole,AMPH,153,249,7
Bii_AMPH_037,Bii,Amphibole,AMPH,105,57,7
Bii_AMPH_038,Bii,Amphibole,AMPH,117,82,7
Bii_AMPH_039,Bii,Amphibole,AMPH,125,47,7
Bii_AMPH_040,Bii,Amphibole,AMPH,106,41,7
Bii_AMPH_041,Bii,Amphibole,AMPH,78,116,7
Bii_AMPH_042,Bii,Amphibole,AMPH,124,27,7
Bii_AMPH_043,Bii,Amphibole,AMPH,125,220,7
Bii_AMPH_044,Bii,Amphibole,AMPH,145,81,7
Bii_AMPH_045,Bii,Amphibole,AMPH,92,59,7
Bii_AMPH_046,Bii,Amphibole,AMPH,127,52,7
Bii_AMPH_047,Bii,Amphibole,AMPH,149,102,7
Bii_AMPH_048,Bii,Amphibole,AMPH,159,37,7
Bii_AMPH_049,Bii,Amphibole,AMPH,120,44,7
Bii_AMPH_050,Bii,Amphibole,AMPH,148,107,7
Bii_AMPH_051,Bii,Amphibole,AMPH,144,101,7
Bii_AMPH_052,Bii,Amphibole,AMPH,102,60,7
Bii_AMPH_053,Bii,Amphibole,AMPH,131,87,7
Bii_AMPH_054,Bii,Amphibole,AMPH,146,84,7
Bii_AMPH_055,Bii,Amphibole,AMPH,143,109,7
Bii_AMPH_056,Bii,Amphibole,AMPH,119,45,7
Bii_AMPH_057,Bii,Amphibole,AMPH,92,105,7
Bii_AMPH_058,Bii,Amphibole,AMPH,119,117,7
Bii_AMPH_059,Bii,Amphibole,AMPH,143,101,7
Bii_AMPH_060,Bii,Amphibole,AMPH,148,238,7
Bii_AMPH_061,Bii,Amphibole,AMPH,89,113,7
Bii_AMPH_062,Bii,Amphibole,AMPH,138,110,7
Bii_AMPH_063,Bii,Amphibole,AMPH,101,59,7
Bii_AMPH_064,Bii,Amphibole,AMPH,120,115,7
Bii_AMPH_065,Bii,Amphibole,AMPH,96,58,7
Bii_AMPH_066,Bii,Amphibole,AMPH,114,101,7
Bii_AMPH_067,Bii,Amphibole,AMPH,169,37,7
Bii_AMPH_068,Bii,Amphibole,AMPH,121,26,7
Bii_AMPH_069,Bii,Amphibole,AMPH,106,93,7
Bii_AMPH_070,Bii,Amphibole,AMPH,132,66,7
Bii_AMPH_071,Bii,Amphibole,AMPH,92,81,7
Bii_AMPH_072,Bii,Amphibole,AMPH,132,64,7
Bii_AMPH_073,Bii,Amphibole,AMPH,134,48,7
Bii_AMPH_074,Bii,Amphibole,AMPH,127,86,7
Bii_AMPH_075,Bii,Amphibole,AMPH,75,112,7
Bii_AMPH_076,Bii,Amphibole,AMPH,126,22,7
Bii_AMPH_077,Bii,Amphibole,AMPH,118,28,7
Bii_AMPH_078,Bii,Amphibole,AMPH,119,16,7
Bii_AMPH_079,Bii,Amphibole,AMPH,127,50,7
Bii_AMPH_080,Bii,Amphibole,AMPH,100,54,7
Bii_AMPH_081,Bii,Amphibole,AMPH,115,35,7
Bii_AMPH_082,Bii,Amphibole,AMPH,89,81,7
Bii_AMPH_083,Bii,Amphibole,AMPH,167,282,7
Bii_AMPH_084,Bii,Amphibole,AMPH,136,86,7
Bii_AMPH_085,Bii,Amphibole,AMPH,106,87,7
Bii_AMPH_086,Bii,Amphibole,AMPH,147,80,7
Bii_AMPH_087,Bii,Amphibole,AMPH,144,44,7
Bii_AMPH_088,Bii,Amphibole,AMPH,143,100,7
Bii_AMPH_089,Bii,Amphibole,AMPH,141,91,7
Bii_AMPH_090,Bii,Amphibole,AMPH,97,118,7
Bii_AMPH_091,Bii,Amphibole,AMPH,131,84,7
Bii_AMPH_092,Bii,Amphibole,AMPH,80,89,7
Bii_AMPH_093,Bii,Amphibole,AMPH,126,50,7
Bii_AMPH_094,Bii,Amphibole,AMPH,109,45,7
Bii_AMPH_095,Bii,Amphibole,AMPH,110,84,7
Bii_AMPH_096,Bii,Amphibole,AMPH,138,84,7
Bii_AMPH_097,Bii,Amphibole,AMPH,105,88,7
Bii_AMPH_098,Bii,Amphibole,AMPH,114,43,7
Bii_AMPH_099,Bii,Amphibole,AMPH,93,92,7
Bii_AMPH_100,Bii,Amphibole,AMPH,145,87,7
Bii_AMPH_101,Bii,Amphibole,AMPH,146,238,7
Bii_AMPH_102,Bii,Amphibole,AMPH,105,81,7
Bii_AMPH_103,Bii,Amphibole,AMPH,90,109,7
Bii_AMPH_104,Bii,Amphibole,AMPH,153,246,7
Bii_AMPH_105,Bii,Amphibole,AMPH,107,51,7
Bii_AMPH_106,Bii,Amphibole,AMPH,141,115,7
Bii_AMPH_107,Bii,Amphibole,AMPH,97,112,7
Bii_AMPH_108,Bii,Amphibole,AMPH,122,247,7
Bii_AMPH_109,Bii,Amphibole,AMPH,170,96,7
Bii_AMPH_110,Bii,Amphibole,AMPH,132,76,7
Bii_AMPH_111,Bii,Amphibole,AMPH,89,91,7
Bii_AMPH_112,Bii,Amphibole,AMPH,84,92,7
Bii_AMPH_113,Bii,Amphibole,AMPH,134,50,7
Bii_AMPH_114,Bii,Amphibole,AMPH,97,90,7
Bii_AMPH_115,Bii,Amphibole,AMPH,137,103,7
Bii_AMPH_116,Bii,Amphibole,AMPH,89,97,7
Bii_AMPH_117,Bii,Amphibole,AMPH,119,55,7
Bii_AMPH_118,Bii,Amphibole,AMPH,97,81,7
Bii_AMPH_119,Bii,Amphibole,AMPH,108,87,7
Bii_AMPH_120,Bii,Amphibole,AMPH,102,35,7
Bii_AMPH_121,Bii,Amphibole,AMPH,129,64,7
Bii_AMPH_122,Bii,Amphibole,AMPH,85,61,7
Bii_AMPH_123,Bii,Amphibole,AMPH,104,57,7
Bii_AMPH_124,Bii,Amphibole,AMPH,119,42,7
Bii_AMPH_125,Bii,Amphibole,AMPH,136,76,7
Bii_AMPH_126,Bii,Amphibole,AMPH,107,44,7
Bii_AMPH_127,Bii,Amphibole,AMPH,133,102,7
Bii_AMPH_128,Bii,Amphibole,AMPH,150,244,7
Bii_AMPH_129,Bii,Amphibole,AMPH,140,104,7
Bii_AMPH_130,Bii,Amphibole,AMPH,120,50,7
Bii_AMPH_131,Bii,Amphibole,AMPH,135,67,7
Bii_AMPH_132,Bii,Amphibole,AMPH,109,66,7
Bii_AMPH_133,Bii,Amphibole,AMPH,156,89,7
Bii_AMPH_134,Bii,Amphibole,AMPH,151,88,7
Bii_AMPH_135,Bii,Amphibole,AMPH,77,115,7
Bii_AMPH_136,Bii,Amphibole,AMPH,162,293,7
Bii_AMPH_137,Bii,Amphibole,AMPH,138,92,7
Bii_AMPH_138,Bii,Amphibole,AMPH,159,40,7
Bii_AMPH_139,Bii,Amphibole,AMPH,141,60,7
Bii_AMPH_140,Bii,Amphibole,AMPH,162,92,7
Bii_AMPH_141,Bii,Amphibole,AMPH,102,63,7
Bii_AMPH_142,Bii,Amphibole,AMPH,135,70,7
Bii_AMPH_143,Bii,Amphibole,AMPH,157,111,7
Bii_AMPH_144,Bii,Amphibole,AMPH,174,93,7
Bii_AMPH_145,Bii,Amphibole,AMPH,96,40,7
Bii_AMPH_146,Bii,Amphibole,AMPH,128,90,7
Bii_AMPH_147,Bii,Amphibole,AMPH,152,110,7
Bii_AMPH_148,Bii,Amphibole,AMPH,116,43,7
Bii_AMPH_149,Bii,Amphibole,AMPH,164,102,7
Bii_AMPH_150,Bii,Amphibole,AMPH,179,82,7
Bii_AMPH_151,Bii,Amphibole,AMPH,140,41,7
Bii_AMPH_152,Bii,Amphibole,AMPH,125,232,7
Bii_AMPH_153,Bii,Amphibole,AMPH,124,58,7
Bii_AMPH_154,Bii,Amphibole,AMPH,122,117,7
Bii_AMPH_155,Bii,Amphibole,AMPH,107,88,7
Bii_AMPH_156,Bii,Amphibole,AMPH,140,90,7
Bii_AMPH_157,Bii,Amphibole,AMPH,133,82,7
Bii_AMPH_158,Bii,Amphibole,AMPH,154,260,7
Bii_AMPH_159,Bii,Amphibole,AMPH,101,90,7
Bii_AMPH_160,Bii,Amphibole,AMPH,112,109,7
Bii_AMPH_161,Bii,Amphibole,AMPH,105,106,7
Bii_AMPH_162,Bii,Amphibole,AMPH,82,87,7
Bii_AMPH_163,Bii,Amphibole,AMPH,112,66,7
Bii_AMPH_164,Bii,Amphibole,AMPH,139,51,7
Bii_AMPH_165,Bii,Amphibole,AMPH,95,114,7
Bii_AMPH_166,Bii,Amphibole,AMPH,152,102,7
Bii_AMPH_167,Bii,Amphibole,AMPH,80,95,7
Bii_AMPH_168,Bii,Amphibole,AMPH,130,64,7
Bii_AMPH_169,Bii,Amphibole,AMPH,140,76,7
Bii_AMPH_170,Bii,Amphibole,AMPH,111,102,7
Bii_AMPH_171,Bii,Amphibole,AMPH,118,88,7
Bii_AMPH_172,Bii,Amphibole,AMPH,115,45,7
Bii_AMPH_173,Bii,Amphibole,AMPH,114,22,7
Bii_AMPH_174,Bii,Amphibole,AMPH,142,82,7
Bii_AMPH_175,Bii,Amphibole,AMPH,95,62,7
Bii_AMPH_176,Bii,Amphibole,AMPH,88,109,7
Bii_AMPH_177,Bii,Amphibole,AMPH,138,47,7
Bii_AMPH_178,Bii,Amphibole,AMPH,116,55,7
Bii_AMPH_179,Bii,Amphibole,AMPH,97,101,7
Bii_AMPH_180,Bii,Amphibole,AMPH,106,91,7
Bii_AMPH_181,Bii,Amphibole,AMPH,113,98,7
Bii_AMPH_182,Bii,Amphibole,AMPH,106,45,7
Bii_AMPH_183,Bii,Amphibole,AMPH,149,86,7
Bii_AMPH_184,Bii,Amphibole,AMPH,91,113,7
Bii_AMPH_185,Bii,Amphibole,AMPH,172,96,7
Bii_AMPH_186,Bii,Amphibole,AMPH,118,110,7
Bii_AMPH_187,Bii,Amphibole,AMPH,114,114,7
Bii_AMPH_188,Bii,Amphibole,AMPH,127,51,7
Bii_AMPH_189,Bii,Amphibole,AMPH,110,57,7
Bii_AMPH_190,Bii,Amphibole,AMPH,134,91,7
Bii_AMPH_191,Bii,Amphibole,AMPH,106,61,7
Bii_AMPH_192,Bii,Amphibole,AMPH,142,107,7
Bii_AMPH_193,Bii,Amphibole,AMPH,86,112,7
Bii_AMPH_194,Bii,Amphibole,AMPH,97,73,7
Bii_AMPH_195,Bii,Amphibole,AMPH,93,102,7
Bii_AMPH_196,Bii,Amphibole,AMPH,118,80,7
Bii_AMPH_197,Bii,Amphibole,AMPH,110,44,7
Bii_AMPH_198,Bii,Amphibole,AMPH,136,98,7
Bii_AMPH_199,Bii,Amphibole,AMPH,103,97,7
Bii_PLAG_000,Bii,Plagioclase,PLAG,257,377,7
Bii_PLAG_001,Bii,Plagioclase,PLAG,239,277,7
Bii_PLAG_002,Bii,Plagioclase,PLAG,148,521,7
Bii_PLAG_003,Bii,Plagioclase,PLAG,185,305,7
Bii_PLAG_004,Bii,Plagioclase,PLAG,190,391,7
Bii_PLAG_005,Bii,Plagioclase,PLAG,147,526,7
Bii_PLAG_006,Bii,Plagioclase,PLAG,193,479,7
Bii_PLAG_007,Bii,Plagioclase,PLAG,198,272,7
Bii_PLAG_008,Bii,Plagioclase,PLAG,188,293,7
Bii_PLAG_009,Bii,Plagioclase,PLAG,242,511,7
Bii_PLAG_010,Bii,Plagioclase,PLAG,265,449,7
Bii_PLAG_011,Bii,Plagioclase,PLAG,179,357,7
Bii_PLAG_012,Bii,Plagioclase,PLAG,28,313,7
Bii_PLAG_013,Bii,Plagioclase,PLAG,209,548,7
Bii_PLAG_014,Bii,Plagioclase,PLAG,269,545,7
Bii_PLAG_015,Bii,Plagioclase,PLAG,9,449,7
Bii_PLAG_016,Bii,Plagioclase,PLAG,184,164,7
Bii_PLAG_017,Bii,Plagioclase,PLAG,269,479,7
Bii_PLAG_018,Bii,Plagioclase,PLAG,47,188,7
Bii_PLAG_019,Bii,Plagioclase,PLAG,63,358,7
Bii_PLAG_020,Bii,Plagioclase,PLAG,188,375,7
Bii_PLAG_021,Bii,Plagioclase,PLAG,253,107,7
Bii_PLAG_022,Bii,Plagioclase,PLAG,241,256,7
Bii_PLAG_023,Bii,Plagioclase,PLAG,177,151,7
Bii_PLAG_024,Bii,Plagioclase,PLAG,9,64,7
Bii_PLAG_025,Bii,Plagioclase,PLAG,190,333,7
Bii_PLAG_026,Bii,Plagioclase,PLAG,134,507,7
Bii_PLAG_027,Bii,Plagioclase,PLAG,227,492,7
Bii_PLAG_028,Bii,Plagioclase,PLAG,156,331,7
Bii_PLAG_029,Bii,Plagioclase,PLAG,133,508,7
Bii_PLAG_030,Bii,Plagioclase,PLAG,226,433,7
Bii_PLAG_031,Bii,Plagioclase,PLAG,267,152,7
Bii_PLAG_032,Bii,Plagioclase,PLAG,34,49,7
Bii_PLAG_033,Bii,Plagioclase,PLAG,74,397,7
Bii_PLAG_034,Bii,Plagioclase,PLAG,204,309,7
Bii_PLAG_035,Bii,Plagioclase,PLAG,123,491,7
Bii_PLAG_036,Bii,Plagioclase,PLAG,208,501,7
Bii_PLAG_037,Bii,Plagioclase,PLAG,37,445,7
Bii_PLAG_038,Bii,Plagioclase,PLAG,216,498,7
Bii_PLAG_039,Bii,Plagioclase,PLAG,4,442,7
Bii_PLAG_040,Bii,Plagioclase,PLAG,220,177,7
Bii_PLAG_041,Bii,Plagioclase,PLAG,54,383,7
Bii_PLAG_042,Bii,Plagioclase,PLAG,13,237,7
Bii_PLAG_043,Bii,Plagioclase,PLAG,26,103,7
Bii_PLAG_044,Bii,Plagioclase,PLAG,30,424,7
Bii_PLAG_045,Bii,Plagioclase,PLAG,14,314,7
Bii_PLAG_046,Bii,Plagioclase,PLAG,45,189,7
Bii_PLAG_047,Bii,Plagioclase,PLAG,232,139,7
Bii_PLAG_048,Bii,Plagioclase,PLAG,40,309,7
Bii_PLAG_049,Bii,Plagioclase,PLAG,31,314,7
Bii_PLAG_050,Bii,Plagioclase,PLAG,40,175,7
Bii_PLAG_051,Bii,Plagioclase,PLAG,53,149,7
Bii_PLAG_052,Bii,Plagioclase,PLAG,67,42,7
Bii_PLAG_053,Bii,Plagioclase,PLAG,21,244,7
Bii_PLAG_054,Bii,Plagioclase,PLAG,11,332,7
Bii_PLAG_055,Bii,Plagioclase,PLAG,247,380,7
Bii_PLAG_056,Bii,Plagioclase,PLAG,155,506,7
Bii_PLAG_057,Bii,Plagioclase,PLAG,169,227,7
Bii_PLAG_058,Bii,Plagioclase,PLAG,230,436,7
Bii_PLAG_059,Bii,Plagioclase,PLAG,194,277,7
Bii_PLAG_060,Bii,Plagioclase,PLAG,68,353,7
Bii_PLAG_061,Bii,Plagioclase,PLAG,35,58,7
Bii_PLAG_062,Bii,Plagioclase,PLAG,201,170,7
Bii_PLAG_063,Bii,Plagioclase,PLAG,268,218,7
Bii_PLAG_064,Bii,Plagioclase,PLAG,247,181,7
Bii_PLAG_065,Bii,Plagioclase,PLAG,273,470,7
Bii_PLAG_066,Bii,Plagioclase,PLAG,179,298,7
Bii_PLAG_067,Bii,Plagioclase,PLAG,69,413,7
Bii_PLAG_068,Bii,Plagioclase,PLAG,36,50,7
Bii_PLAG_069,Bii,Plagioclase,PLAG,261,383,7
Bii_PLAG_070,Bii,Plagioclase,PLAG,213,444,7
Bii_PLAG_071,Bii,Plagioclase,PLAG,167,423,7
Bii_PLAG_072,Bii,Plagioclase,PLAG,180,531,7
Bii_PLAG_073,Bii,Plagioclase,PLAG,214,228,7
Bii_PLAG_074,Bii,Plagioclase,PLAG,256,391,7
Bii_PLAG_075,Bii,Plagioclase,PLAG,281,344,7
Bii_PLAG_076,Bii,Plagioclase,PLAG,24,421,7
Bii_PLAG_077,Bii,Plagioclase,PLAG,173,403,7
Bii_PLAG_078,Bii,Plagioclase,PLAG,235,461,7
Bii_PLAG_079,Bii,Plagioclase,PLAG,41,472,7
Bii_PLAG_080,Bii,Plagioclase,PLAG,254,257,7
Bii_PLAG_081,Bii,Plagioclase,PLAG,60,102,7
Bii_PLAG_082,Bii,Plagioclase,PLAG,32,54,7
Bii_PLAG_083,Bii,Plagioclase,PLAG,175,503,7
Bii_PLAG_084,Bii,Plagioclase,PLAG,196,200,7
Bii_PLAG_085,Bii,Plagioclase,PLAG,277,133,7
Bii_PLAG_086,Bii,Plagioclase,PLAG,272,257,7
Bii_PLAG_087,Bii,Plagioclase,PLAG,267,550,7
Bii_PLAG_088,Bii,Plagioclase,PLAG,239,411,7
Bii_PLAG_089,Bii,Plagioclase,PLAG,216,411,7
Bii_PLAG_090,Bii,Plagioclase,PLAG,151,207,7
Bii_PLAG_091,Bii,Plagioclase,PLAG,275,183,7
Bii_PLAG_092,Bii,Plagioclase,PLAG,7,225,7
Bii_PLAG_093,Bii,Plagioclase,PLAG,200,457,7
Bii_PLAG_094,Bii,Plagioclase,PLAG,265,488,7
Bii_PLAG_095,Bii,Plagioclase,PLAG,54,407,7
Bii_PLAG_096,Bii,Plagioclase,PLAG,223,444,7
Bii_PLAG_097,Bii,Plagioclase,PLAG,119,537,7
Bii_PLAG_098,Bii,Plagioclase,PLAG,184,280,7
Bii_PLAG_099,Bii,Plagioclase,PLAG,25,440,7
Bii_PLAG_100,Bii,Plagioclase,PLAG,47,59,7
Bii_PLAG_101,Bii,Plagioclase,PLAG,198,412,7
Bii_PLAG_102,Bii,Plagioclase,PLAG,36,177,7
Bii_PLAG_103,Bii,Plagioclase,PLAG,249,166,7
Bii_PLAG_104,Bii,Plagioclase,PLAG,66,356,7
Bii_PLAG_105,Bii,Plagioclase,PLAG,53,389,7
Bii_PLAG_106,Bii,Plagioclase,PLAG,59,420,7
Bii_PLAG_107,Bii,Plagioclase,PLAG,38,348,7
Bii_PLAG_108,Bii,Plagioclase,PLAG,21,344,7
Bii_PLAG_109,Bii,Plagioclase,PLAG,208,447,7
Bii_PLAG_110,Bii,Plagioclase,PLAG,93,520,7
Bii_PLAG_111,Bii,Plagioclase,PLAG,267,209,7
Bii_PLAG_112,Bii,Plagioclase,PLAG,253,125,7
Bii_PLAG_113,Bii,Plagioclase,PLAG,247,518,7
Bii_PLAG_114,Bii,Plagioclase,PLAG,67,401,7
Bii_PLAG_115,Bii,Plagioclase,PLAG,187,214,7
Bii_PLAG_116,Bii,Plagioclase,PLAG,48,345,7
Bii_PLAG_117,Bii,Plagioclase,PLAG,47,28,7
Bii_PLAG_118,Bii,Plagioclase,PLAG,72,127,7
Bii_PLAG_119,Bii,Plagioclase,PLAG,153,358,7
Bii_PLAG_120,Bii,Plagioclase,PLAG,9,107,7
Bii_PLAG_121,Bii,Plagioclase,PLAG,242,307,7
Bii_PLAG_122,Bii,Plagioclase,PLAG,220,188,7
Bii_PLAG_123,Bii,Plagioclase,PLAG,218,547,7
Bii_PLAG_124,Bii,Plagioclase,PLAG,9,177,7
Bii_PLAG_125,Bii,Plagioclase,PLAG,20,507,7
Bii_PLAG_126,Bii,Plagioclase,PLAG,91,560,7
Bii_PLAG_127,Bii,Plagioclase,PLAG,251,144,7
Bii_PLAG_128,Bii,Plagioclase,PLAG,30,134,7
Bii_PLAG_129,Bii,Plagioclase,PLAG,182,555,7
Bii_PLAG_130,Bii,Plagioclase,PLAG,247,269,7
Bii_PLAG_131,Bii,Plagioclase,PLAG,270,246,7
Bii_PLAG_132,Bii,Plagioclase,PLAG,170,329,7
Bii_PLAG_133,Bii,Plagioclase,PLAG,221,482,7
Bii_PLAG_134,Bii,Plagioclase,PLAG,23,271,7
Bii_PLAG_135,Bii,Plagioclase,PLAG,148,484,7
Bii_PLAG_136,Bii,Plagioclase,PLAG,276,255,7
Bii_PLAG_137,Bii,Plagioclase,PLAG,246,297,7
Bii_PLAG_138,Bii,Plagioclase,PLAG,51,3,7
Bii_PLAG_139,Bii,Plagioclase,PLAG,26,89,7
Bii_PLAG_140,Bii,Plagioclase,PLAG,277,179,7
Bii_PLAG_141,Bii,Plagioclase,PLAG,263,323,7
Bii_PLAG_142,Bii,Plagioclase,PLAG,255,208,7
Bii_PLAG_143,Bii,Plagioclase,PLAG,149,516,7
Bii_PLAG_144,Bii,Plagioclase,PLAG,13,536,7
Bii_PLAG_145,Bii,Plagioclase,PLAG,261,554,7
Bii_PLAG_146,Bii,Plagioclase,PLAG,219,435,7
Bii_PLAG_147,Bii,Plagioclase,PLAG,15,344,7
Bii_PLAG_148,Bii,Plagioclase,PLAG,166,156,7
Bii_PLAG_149,Bii,Plagioclase,PLAG,269,311,7
Bii_PLAG_150,Bii,Plagioclase,PLAG,55,534,7
Bii_PLAG_151,Bii,Plagioclase,PLAG,245,193,7
Bii_PLAG_152,Bii,Plagioclase,PLAG,202,556,7
Bii_PLAG_153,Bii,Plagioclase,PLAG,123,511,7
Bii_PLAG_154,Bii,Plagioclase,PLAG,274,150,7
Bii_PLAG_155,Bii,Plagioclase,PLAG,274,144,7
Bii_PLAG_156,Bii,Plagioclase,PLAG,178,514,7
Bii_PLAG_157,Bii,Plagioclase,PLAG,214,370,7
Bii_PLAG_158,Bii,Plagioclase,PLAG,238,426,7
Bii_PLAG_159,Bii,Plagioclase,PLAG,56,142,7
Bii_PLAG_160,Bii,Plagioclase,PLAG,202,157,7
Bii_PLAG_161,Bii,Plagioclase,PLAG,34,284,7
Bii_PLAG_162,Bii,Plagioclase,PLAG,39,197,7
Bii_PLAG_163,Bii,Plagioclase,PLAG,221,367,7
Bii_PLAG_164,Bii,Plagioclase,PLAG,241,147,7
Bii_PLAG_165,Bii,Plagioclase,PLAG,252,215,7
Bii_PLAG_166,Bii,Plagioclase,PLAG,7,196,7
Bii_PLAG_167,Bii,Plagioclase,PLAG,20,300,7
Bii_PLAG_168,Bii,Plagioclase,PLAG,233,198,7
Bii_PLAG_169,Bii,Plagioclase,PLAG,168,487,7
Bii_PLAG_170,Bii,Plagioclase,PLAG,220,324,7
Bii_PLAG_171,Bii,Plagioclase,PLAG,200,143,7
Bii_PLAG_172,Bii,Plagioclase,PLAG,214,544,7
Bii_PLAG_173,Bii,Plagioclase,PLAG,204,363,7
Bii_PLAG_174,Bii,Plagioclase,PLAG,44,384,7
Bii_PLAG_175,Bii,Plagioclase,PLAG,28,37,7
Bii_PLAG_176,Bii,Plagioclase,PLAG,279,472,7
Bii_PLAG_177,Bii,Plagioclase,PLAG,91,4,7
Bii_PLAG_178,Bii,Plagioclase,PLAG,4,367,7
Bii_PLAG_179,Bii,Plagioclase,PLAG,53,85,7
Bii_PLAG_180,Bii,Plagioclase,PLAG,210,262,7
Bii_PLAG_181,Bii,Plagioclase,PLAG,72,566,7
Bii_PLAG_182,Bii,Plagioclase,PLAG,207,551,7
Bii_PLAG_183,Bii,Plagioclase,PLAG,12,260,7
Bii_PLAG_184,Bii,Plagioclase,PLAG,5,229,7
Bii_PLAG_185,Bii,Plagioclase,PLAG,153,531,7
Bii_PLAG_186,Bii,Plagioclase,PLAG,7,331,7
Bii_PLAG_187,Bii,Plagioclase,PLAG,187,484,7
Bii_PLAG_188,Bii,Plagioclase,PLAG,46,456,7
Bii_PLAG_189,Bii,Plagioclase,PLAG,180,412,7
Bii_PLAG_190,Bii,Plagioclase,PLAG,197,354,7
Bii_PLAG_191,Bii,Plagioclase,PLAG,51,26,7
Bii_PLAG_192,Bii,Plagioclase,PLAG,205,520,7
Bii_PLAG_193,Bii,Plagioclase,PLAG,45,290,7
Bii_PLAG_194,Bii,Plagioclase,PLAG,267,434,7
Bii_PLAG_195,Bii,Plagioclase,PLAG,228,450,7
Bii_PLAG_196,Bii,Plagioclase,PLAG,60,144,7
Bii_PLAG_197,Bii,Plagioclase,PLAG,192,280,7
Bii_PLAG_198,Bii,Plagioclase,PLAG,28,121,7
Bii_PLAG_199,Bii,Plagioclase,PLAG,205,542,7
Bii_SPL_000,Bii,Spinel_Group,SPL,225,49,7
Bii_SPL_001,Bii,Spinel_Group,SPL,180,20,7
Bii_SPL_002,Bii,Spinel_Group,SPL,179,17,7
Bii_SPL_003,Bii,Spinel_Group,SPL,179,18,7
Bii_SPL_004,Bii,Spinel_Group,SPL,180,17,7
Bii_SPL_005,Bii,Spinel_Group,SPL,226,45,7
Bii_SPL_006,Bii,Spinel_Group,SPL,225,42,7
Bii_SPL_007,Bii,Spinel_Group,SPL,181,25,7
Bii_SPL_008,Bii,Spinel_Group,SPL,181,18,7
Bii_SPL_009,Bii,Spinel_Group,SPL,238,42,7
Bii_SPL_010,Bii,Spinel_Group,SPL,180,21,7
Bii_SPL_011,Bii,Spinel_Group,SPL,179,21,7
Bii_SPL_012,Bii,Spinel_Group,SPL,181,21,7
Bii_SPL_013,Bii,Spinel_Group,SPL,182,25,7
Bii_SPL_014,Bii,Spinel_Group,SPL,178,25,7
Bii_SPL_015,Bii,Spinel_Group,SPL,178,19,7
Bii_SPL_016,Bii,Spinel_Group,SPL,223,44,7
Bii_SPL_017,Bii,Spinel_Group,SPL,224,47,7
Bii_SPL_018,Bii,Spinel_Group,SPL,226,47,7
Bii_SPL_019,Bii,Spinel_Group,SPL,179,20,7
Bii_SPL_020,Bii,Spinel_Group,SPL,227,49,7
Bii_SPL_021,Bii,Spinel_Group,SPL,181,19,7
Bii_SPL_022,Bii,Spinel_Group,SPL,228,47,7
Bii_SPL_023,Bii,Spinel_Group,SPL,180,26,7
Bii_SPL_024,Bii,Spinel_Group,SPL,182,24,7
Bii_SPL_025,Bii,Spinel_Group,SPL,226,49,7
Bii_SPL_026,Bii,Spinel_Group,SPL,225,50,7
Bii_SPL_027,Bii,Spinel_Group,SPL,192,15,7
Bii_SPL_028,Bii,Spinel_Group,SPL,241,42,7
Bii_SPL_029,Bii,Spinel_Group,SPL,183,20,7
Bii_SPL_030,Bii,Spinel_Group,SPL,181,24,7
Bii_SPL_031,Bii,Spinel_Group,SPL,193,17,7
Bii_SPL_032,Bii,Spinel_Group,SPL,184,22,7
Bii_SPL_033,Bii,Spinel_Group,SPL,240,42,7
Bii_SPL_034,Bii,Spinel_Group,SPL,237,43,7
Bii_SPL_035,Bii,Spinel_Group,SPL,180,23,7
Bii_SPL_036,Bii,Spinel_Group,SPL,182,22,7
Bii_SPL_037,Bii,Spinel_Group,SPL,193,15,7
Bii_SPL_038,Bii,Spinel_Group,SPL,222,46,7
Bii_SPL_039,Bii,Spinel_Group,SPL,181,23,7
Bii_SPL_040,Bii,Spinel_Group,SPL,227,47,7
Bii_SPL_041,Bii,Spinel_Group,SPL,237,40,7
Bii_SPL_042,Bii,Spinel_Group,SPL,225,46,7
Bii_SPL_043,Bii,Spinel_Group,SPL,224,48,7
Bii_SPL_044,Bii,Spinel_Group,SPL,192,17,7
Bii_SPL_045,Bii,Spinel_Group,SPL,239,42,7
Bii_SPL_046,Bii,Spinel_Group,SPL,178,20,7
Bii_SPL_047,Bii,Spinel_Group,SPL,242,42,7
Bii_SPL_048,Bii,Spinel_Group,SPL,180,24,7
Bii_SPL_049,Bii,Spinel_Group,SPL,226,48,7
Bii_SPL_050,Bii,Spinel_Group,SPL,225,47,7
Bii_SPL_051,Bii,Spinel_Group,SPL,228,45,7
Bii_SPL_052,Bii,Spinel_Group,SPL,225,48,7
Bii_SPL_053,Bii,Spinel_Group,SPL,179,22,7
Bii_SPL_054,Bii,Spinel_Group,SPL,178,18,7
Bii_SPL_055,Bii,Spinel_Group,SPL,180,25,7
Bii_SPL_056,Bii,Spinel_Group,SPL,223,48,7
Bii_SPL_057,Bii,Spinel_Group,SPL,179,19,7
Bii_SPL_058,Bii,Spinel_Group,SPL,182,20,7
Bii_SPL_059,Bii,Spinel_Group,SPL,178,22,7
Bii_SPL_060,Bii,Spinel_Group,SPL,226,46,7
Bii_SPL_061,Bii,Spinel_Group,SPL,183,21,7
Bii_SPL_062,Bii,Spinel_Group,SPL,182,21,7
Bii_SPL_063,Bii,Spinel_Group,SPL,184,23,7
Bii_SPL_064,Bii,Spinel_Group,SPL,181,22,7
Bii_SPL_065,Bii,Spinel_Group,SPL,228,46,7
Bii_SPL_066,Bii,Spinel_Group,SPL,227,45,7
Bii_SPL_067,Bii,Spinel_Group,SPL,180,22,7
Bii_SPL_068,Bii,Spinel_Group,SPL,251,42,7
Bii_SPL_069,Bii,Spinel_Group,SPL,183,24,7
Bii_SPL_070,Bii,Spinel_Group,SPL,238,41,7
Bii_SPL_071,Bii,Spinel_Group,SPL,178,23,7
Bii_SPL_072,Bii,Spinel_Group,SPL,179,24,7
Bii_SPL_073,Bii,Spinel_Group,SPL,178,24,7
Bii_SPL_074,Bii,Spinel_Group,SPL,237,42,7
Bii_SPL_075,Bii,Spinel_Group,SPL,237,41,7
Bii_SPL_076,Bii,Spinel_Group,SPL,224,43,7
Bii_SPL_077,Bii,Spinel_Group,SPL,181,17,7
Bii_SPL_078,Bii,Spinel_Group,SPL,180,18,7
Bii_SPL_079,Bii,Spinel_Group,SPL,179,25,7
Bii_SPL_080,Bii,Spinel_Group,SPL,228,48,7
Bii_SPL_081,Bii,Spinel_Group,SPL,223,46,7
Bii_SPL_082,Bii,Spinel_Group,SPL,225,45,7
Bii_SPL_083,Bii,Spinel_Group,SPL,178,21,7
Bii_SPL_084,Bii,Spinel_Group,SPL,223,47,7
Bii_SPL_085,Bii,Spinel_Group,SPL,241,43,7
Bii_SPL_086,Bii,Spinel_Group,SPL,182,23,7
Bii_SPL_087,Bii,Spinel_Group,SPL,224,45,7
Bii_SPL_088,Bii,Spinel_Group,SPL,224,49,7
Bii_SPL_089,Bii,Spinel_Group,SPL,181,26,7
Bii_SPL_090,Bii,Spinel_Group,SPL,193,16,7
Bii_SPL_091,Bii,Spinel_Group,SPL,179,23,7
Bii_SPL_092,Bii,Spinel_Group,SPL,239,43,7
Bii_SPL_093,Bii,Spinel_Group,SPL,222,45,7
Bii_SPL_094,Bii,Spinel_Group,SPL,183,22,7
Bii_SPL_095,Bii,Spinel_Group,SPL,225,43,7
Bii_SPL_096,Bii,Spinel_Group,SPL,184,21,7
Bii_SPL_097,Bii,Spinel_Group,SPL,242,43,7
Bii_SPL_098,Bii,Spinel_Group,SPL,181,20,7
Bii_SPL_099,Bii,Spinel_Group,SPL,183,23,7
Bii_SPL_100,Bii,Spinel_Group,SPL,179,26,7
Bii_SPL_101,Bii,Spinel_Group,SPL,240,43,7
Bii_SPL_102,Bii,Spinel_Group,SPL,227,46,7
Bii_SPL_103,Bii,Spinel_Group,SPL,238,43,7
Bii_SPL_104,Bii,Spinel_Group,SPL,227,48,7
Bii_SPL_105,Bii,Spinel_Group,SPL,224,44,7
Bii_SPL_106,Bii,Spinel_Group,SPL,228,49,7
Bii_SPL_107,Bii,Spinel_Group,SPL,225,44,7
Bii_SPL_108,Bii,Spinel_Group,SPL,176,25,7
Bii_SPL_109,Bii,Spinel_Group,SPL,224,46,7
Bii_SPL_110,Bii,Spinel_Group,SPL,180,19,7
Bii_SPL_111,Bii,Spinel_Group,SPL,223,45,7
Bii_SPL_112,Bii,Spinel_Group,SPL,192,16,7
Bii_SPL_113,Bii,Spinel_Group,SPL,177,25,7
