dataset,mineral,precision,recall,f1,support,empirical
Held-out validation,Alkali_Feldspar,100.0,100.0,100.0,1253,False
Held-out validation,Amphibole,99.55555555555556,99.85141158989599,99.70326409495549,1346,False
Held-out validation,Apatite,100.0,100.0,100.0,357,False
Held-out validation,Biotite,100.0,100.0,100.0,577,False
Held-out validation,Carbonate,100.0,100.0,100.0,206,True
Held-out validation,Chlorite,100.0,100.0,100.0,256,False
Held-out validation,Clinopyroxene,99.49874686716792,99.87421383647799,99.68612680477086,2385,False
Held-out validation,Epidote,97.66355140186917,100.0,98.81796690307328,209,False
Held-out validation,Garnet,100.0,100.0,100.0,709,False
Held-out validation,Glass,99.78009895547004,99.78009895547004,99.78009895547004,1819,False
Held-out validation,Kalsilite,100.0,100.0,100.0,312,False
Held-out validation,Leucite,100.0,100.0,100.0,335,False
Held-out validation,Melilite,100.0,100.0,100.0,243,False
Held-out validation,Muscovite,100.0,100.0,100.0,209,False
Held-out validation,Nepheline,100.0,100.0,100.0,194,False
Held-out validation,Olivine,100.0,100.0,100.0,5044,False
Held-out validation,Orthopyroxene,100.0,98.84444444444445,99.4188645507376,1125,False
Held-out validation,Plagioclase,100.0,99.86807387862797,99.93399339933994,3790,False
Held-out validation,Rhombohedral_Oxides,100.0,99.85935302390999,99.92962702322308,711,False
Held-out validation,Rutile,100.0,100.0,100.0,348,False
Held-out validation,Serpentine,100.0,100.0,100.0,527,False
Held-out validation,SiO2_Polymorph,100.0,100.0,100.0,308,True
Held-out validation,Spinel_Group,99.9003984063745,100.0,99.95017438963627,1003,False
Held-out validation,Titanite,100.0,100.0,100.0,1598,False
Held-out validation,Tourmaline,100.0,100.0,100.0,227,False
Held-out validation,Zircon,100.0,100.0,100.0,305,True
Secondary standards,Amphibole,100.0,100.0,100.0,230,False
Secondary standards,Clinopyroxene,100.0,100.0,100.0,134,False
Secondary standards,Glass,100.0,99.83818770226537,99.91902834008097,1236,False
Secondary standards,Olivine,100.0,100.0,100.0,104,False
Secondary standards,Plagioclase,100.0,100.0,100.0,62,False
GEOROC,Amphibole,92.42258332968333,95.98489787872815,94.17006337211032,65951,False
GEOROC,Apatite,98.54209123687099,97.75289635331623,98.14590733440025,12861,False
GEOROC,Biotite,94.78149841426747,96.39745308310992,95.58264625864467,23872,False
GEOROC,Carbonate,81.37051792828686,96.15819209039547,88.14846784635304,5310,True
GEOROC,Clinopyroxene,98.21307497912733,97.18924493881104,97.698477728912,180343,False
GEOROC,Feldspar,99.55769379995344,99.10550139813685,99.33108296429346,258916,False
GEOROC,Garnet,95.5330745560226,98.95833333333334,97.21554220689515,48000,False
GEOROC,Glass,92.78151845832366,91.38329255185346,92.07709766241547,43729,False
GEOROC,Kalsilite,74.43181818181817,96.32352941176471,83.97435897435898,136,False
GEOROC,Leucite,81.14233907524931,95.61965811965813,87.78813143697892,936,False
GEOROC,Muscovite,88.92914653784219,99.50450450450451,93.92006802721087,2220,False
GEOROC,Nepheline,85.47435315478893,97.16202270381838,90.9442163728568,1938,False
GEOROC,Olivine,99.81841901856298,98.76580677794638,99.28932316879694,247125,False
GEOROC,Orthopyroxene,97.98137102224311,94.91496477620437,96.42379510015832,70265,False
GEOROC,Rhombohedral_Oxides,78.76532769556025,93.77768828030608,85.61842165739762,19864,False
GEOROC,SiO2_Polymorph,84.19117647058823,89.453125,86.74242424242425,256,True
GEOROC,Spinel_Group,99.33015485243706,93.05075361427254,96.0879729626712,81275,False
GEOROC,Titanite,98.66089822826535,97.08088384350295,97.86451415142537,4933,False
GEOROC,Zircon,100.0,96.74681753889675,98.34651329978433,1414,True
EDS map MH0811b_pool,Apatite,98.69565217391305,94.58333333333333,96.59574468085106,480,False
EDS map MH0811b_pool,Clinopyroxene,94.54571347194532,95.2698703115751,94.90641054277418,55749,False
EDS map MH0811b_pool,Feldspar,99.79701378671461,86.94233120096847,92.9272299427252,84257,False
EDS map MH0811b_pool,Orthopyroxene,99.88498221648116,86.99833549103015,92.99735578309183,64884,False
EDS map MH0811b_pool,Rhombohedral_Oxides,99.06385824139083,90.25281754492842,94.4532993305706,3283,False
EDS map MH0811b_pool,SiO2_Polymorph,80.14669926650366,81.46123260437376,80.79861966970668,4024,True
EDS map MH0811b_pool,Spinel_Group,95.29854254818993,78.32302936630603,85.98091198303287,2588,False
EDS map MH0811b,Alkali_Feldspar,74.3767160900604,47.8181047874594,58.211200412601535,14162,False
EDS map MH0811b,Apatite,98.69565217391305,94.58333333333333,96.59574468085106,480,False
EDS map MH0811b,Clinopyroxene,94.54571347194532,95.2698703115751,94.90641054277418,55749,False
EDS map MH0811b,Orthopyroxene,99.88498221648116,86.99833549103015,92.99735578309183,64884,False
EDS map MH0811b,Plagioclase,99.46293361507308,80.5834938298024,89.03337667967057,70095,False
EDS map MH0811b,Rhombohedral_Oxides,99.06385824139083,90.25281754492842,94.4532993305706,3283,False
EDS map MH0811b,SiO2_Polymorph,80.14669926650366,81.46123260437376,80.79861966970668,4024,True
EDS map MH0811b,Spinel_Group,95.29854254818993,78.32302936630603,85.98091198303287,2588,False
EDS map Bii_pool,Amphibole,99.75513059701493,75.09655898876404,85.68709935897436,11392,False
EDS map Bii_pool,Apatite,83.07692307692308,97.2972972972973,89.62655601659752,222,False
EDS map Bii_pool,Epidote,99.0893169877408,81.62146566647432,89.51115329852871,3466,False
EDS map Bii_pool,Feldspar,99.63375881941077,98.34836697442805,98.98689021671274,112858,False
EDS map Bii_pool,SiO2_Polymorph,99.99297209923395,93.69155801396023,96.73975862655108,15186,True
EDS map Bii_pool,Spinel_Group,95.44827586206897,91.96013289036546,93.67174280879864,1505,False
EDS map Bii_pool,Titanite,99.96107434799532,98.99768696993061,99.47704822777455,12970,False
EDS map Bii_pool,Zircon,99.40476190476191,89.54423592493298,94.21720733427362,373,True
EDS map Bii,Alkali_Feldspar,94.53752181500873,91.62719891745603,93.05961175055832,5912,False
EDS map Bii,Amphibole,99.75513059701493,75.09655898876404,85.68709935897436,11392,False
EDS map Bii,Apatite,83.07692307692308,97.2972972972973,89.62655601659752,222,False
EDS map Bii,Epidote,99.0893169877408,81.62146566647432,89.51115329852871,3466,False
EDS map Bii,Plagioclase,99.56679884608334,96.49542759897518,98.00705626492808,106946,False
EDS map Bii,SiO2_Polymorph,99.99297209923395,93.69155801396023,96.73975862655108,15186,True
EDS map Bii,Spinel_Group,95.44827586206897,91.96013289036546,93.67174280879864,1505,False
EDS map Bii,Titanite,99.96107434799532,98.99768696993061,99.47704822777455,12970,False
EDS map Bii,Zircon,99.40476190476191,89.54423592493298,94.21720733427362,373,True
