0,0.5220761,0.2021407,0,0,0.06912785,0.09401955,0.002586477,0,0,0.1328912,0.3678968,0.3533438,0,0,0.2140886,0,0,0,0.02936288,0,0.4982526,0,0.2323453,0.009621306,0.4715363,0.2624154,0.07469328,0,0,0.3353566,0,0.2044599,0.1771777,0,0.07362142,0,0.1954136,0.2809052,0,
2.017998,4.236488,0,0,0,0.02029509,0,0.09792319,0,0,0.2731128,0,1.070309,0,0,0.1936063,0.2065912,0.2909009,0,0,0,0,0,0.2812781,0,0.1627046,0,0.136308,0,0,0.08366407,0,0.3775642,0,0,0,0,0.2978384,0,0,
0.01315928,0,0.3813146,0.3911537,0.1304912,0,0.3516753,0,0,0.5372603,0.164417,0,0,0.1251896,0,0,0,0.2448861,0,0,0.02780832,0.7855215,0,0,0,0,0.1311999,0.3705908,0.1155877,0.1062404,0.3922937,0.03961345,0.5600616,0.4551902,0.08498255,0.1550056,0,0.2339335,0,0.2572137,
0.1430784,0,0,0,0.0977331,0.3633987,0.1689179,0,0.2151082,0.4037863,0,0.3830966,0,0,0,0,0,0.5213145,0,0,0,0.4326246,0,0,0.3575201,0.01295498,0.2099013,0.1726684,0.3682389,0,0.1885894,0.4880936,0,0,0.1746691,0.08309162,0.1442298,0.2450578,0,0.3062541,
0.03589709,0.1382217,0,0,0,0.1665928,0.5286338,0.1352597,0.178772,0,0.4372825,0.06192391,0.8468649,0,0.5104302,0.4068328,0.06354181,0,0,0,0.07614988,0,0.2065652,0.2525708,0.1338724,0,0,0.3759348,0,0,0.2788358,0.1035098,0.3220593,0.3829611,0.3632104,0.204883,0.5266691,0.1087522,0,0.4512073,
0,0.4388331,0,0,0.3377496,0,0.481515,0.3096744,0.02200319,0,0.3431356,0.1890794,0,0,0,0.1346332,0,0.3974002,0.9412451,0.03099987,0,0,0,0.116488,0,0,0.02751734,0,0.4498104,0,0.02443668,0,0.2212468,0,0.581905,0.1975978,0.005023823,0,0.02637121,0.1131096,
0,0,0.5041066,0.6800869,0.3659151,0,0.344801,0.01493698,0,0,0,0.3926266,0,0.5083696,0,0.04928861,0,0.06234808,0.07564005,0,0,0,0.116775,0.5917159,0.4622756,0,0.1367122,0,0,0.4309634,0.1192587,0,0.04934224,0.5168545,0.1546326,0,0.310017,0.143783,0,0.5736852,
0,0,0,0.007713321,0,0.1565459,0.2132183,0.02011139,0,0.191789,0,0,0.05303218,0.5565714,0,0,0.07984838,0.1621442,0,0,0,0,0.2605728,0,0.2140937,0.02681567,0.2364945,0,0.4581228,0,0.09728047,0,0,0,0.1004006,0,0,0,0,0.1233199,
0.1744629,0,0.699688,0.486857,0,0,0,0.3100167,0,0,0,0.1310926,0,0,0,0.05643715,0.1047185,0,0.8711528,0,0,0,0,0.1171758,0,0,0,0.2073852,0.1096849,0.4150362,0,0.1328783,0.5001708,0,0.06256436,0,0,0,0,0,
0,0.3276573,0.1249416,0.08415139,0.6329469,0,0,0.004137333,0,0.09626835,0.3843597,0.2980701,0.4469255,0.4900687,0,0.09117135,0.3697528,0.0831389,0,0.246139,0,0.4168299,0.2634505,0.3075478,0.2055662,0.1089079,0.3549252,0,0,0,0.05044579,0,0.2456968,0,0,0,0.2739061,0.2084617,0,0.2721933,
0.7246322,0.01016013,0,0,0.07144517,0,0.2413071,0.0276606,0.679822,0.8070673,0.4839035,0.862973,0,0.2087185,0.1639397,0.1740521,0.192079,0.06887949,0,0.4777557,0,0.1802607,0.2751678,0,0.08789108,0.07174925,0.5436302,0.09452353,0.3068761,0.1976608,0.4793709,0,0,0,0.0930483,0,0.277531,0,0.2949996,0.1740266,
0.3327686,0.3369226,0,0,0.4581159,0.1472988,0,0,0,0.5364851,0.3978917,0,0.2660322,0,0.3345194,0.2031375,0.03178334,0,0.2746571,0,0,0,0,0,0.3072006,0.6659219,0,0,0,0.01995928,0,0.04336551,0.4169958,0,0,0.1334931,0.2649337,0,0.06161137,0.1212907,
0.1914541,0,0.1318469,0,0.7575224,0,0,0,0,0,0.3089169,0.08724456,0.9495742,0.2093475,0,0.3667621,0,0.07514327,0.1533745,0,0,0.1475458,0,0,0,0.5186149,0.05670263,0.5069413,0.1788487,0.003025957,0,0.1587037,0.2776363,0,0,0.608681,0.1919018,0.4250903,0,0.01470929,
0.2154177,0.3006995,0.2285184,0.1646497,0,0,0.2290293,0,0.8898178,0,0,0.4867299,0.1573056,1.525609,0,0.7436349,0.1617163,0.7983223,0.3818944,0,0.757262,0.2390856,0,0.03353406,0.532127,0,0,0.4514679,0.1311754,0.08378198,0,0,0,0,0,0.317088,0.2876494,0.06976513,0.09049302,0,
0.1300474,0,0.03577005,0,0.2584461,0.1526333,0.1962314,0.188855,0.5417728,0.3881948,0,0.6186648,0.3636374,1.288867,0.2440502,0,0.2081774,0,0.241394,0,0.1561788,0.2835658,0,0.2041222,0.3274983,0,0.4451278,0.5580592,0,0.07260565,0,0.05839075,0,0.2470582,0,0.2702687,0,0.4098694,0.2592472,0.1101671,
0,0.6911649,0.7332496,0.1612224,0,0.3301915,0,0,0.2407198,0.4742415,0.428585,0.8071032,0.1279422,0,0.5180619,0,0.05392553,0,0,0,0,0.6061619,0.2222675,0.6349229,0.3638722,0,0.4967365,0.1543166,0.4887955,0.7313482,0.1257836,0.08994597,0.01169416,0.06442153,0.4159057,0.3921009,0,0,0.4495778,0.3341621,
0,0,0.2153771,0,0,0,0.1134455,0.003628978,0.2743626,0,0.7641897,0,0,0.1498164,0.2730446,0.7830782,0.05928814,0.5051135,0,0.1804536,0.2011123,0.1100565,0.4261513,0,0.2569464,0,0,0,0,0.9046359,1.142689,0,0,0.06242402,0.8083035,0.1621805,0.1069784,0,0,0.08357811,
0,0,0.09949584,0,1.134992,0.2690572,0.4119667,0,0.4727233,0.3638135,0.3252261,0,0,0.1987257,0.6515836,0.9016725,0.3993603,0,0.5952166,0,0.6232135,0.2901697,0,0,0,0,0,0,0,0.05029104,0.4272181,0,0,0,0,0.1494169,0,0.1268352,0,0,
0.4381714,0,0.0806484,0.03958587,0,0.2149513,0.6370409,0,0.4482687,0,0.0249393,0.4470402,0,0,0.525395,0.4043554,0.6651405,0.2707339,0,0.6024851,0,0.331056,0,0,0,0.2336564,0.1702331,0,0.2300691,0,0.0291574,0.2942254,0.423799,0.1949513,0.06614213,0.05221164,0,0.7823832,0.3191237,0,
0.0449605,0,0.02025342,0.008936373,0.7949833,0.5124562,0.2037215,0,0,0.4254673,0,0.2223966,0.088888,0.2170175,0.4517322,0.5250802,0,0.4344936,1.387465,0,0.4233658,0,0,0,0,0.2469617,0.1910821,0,0,0.8719472,0,0,0.3773448,0.01549466,0.2400962,0,0.02732135,0.06446492,0,0,
0.1135708,0.223038,0.1811269,0,0.9157959,0.3919289,0.09638841,0,0,0.2948797,0,0.1484672,0.2329953,0.2229648,0.658253,0.6190592,0,0,0.05174934,0.2212781,1.058788,0,0,0,0,0.09560117,0,0,0.1610799,0.3032884,0.6213827,0.2419603,0.622987,0.1187524,0,0.3122568,0.245678,0,0.006363454,0.6139776,
0,0.3098532,0.3458662,0,0.8338276,0,0.2575161,0.4577667,0,1.088832,1.300078,0.1819493,0.6632074,0.03029742,0.2227563,0.1324661,0,0.4721518,0.5008735,0.5474615,0.8112532,0.115951,0,0.004327888,0,0.05684827,0,0,0.03178116,0,0.02347306,0.4086081,0,0.05543726,0,0,0,0.2292275,0,0.3261027,
0,0,0.1078906,0,0.1231119,0,0.0268916,0,0.8505775,0.4629454,0,0,0.4244462,0,1.326798,0.9657255,0.1234901,0.02771923,0.0006518935,0.0826624,0.3021329,0,0,0.1328917,0.2714254,0,0.2207396,0.2218216,0.02339395,0,0,0.1152512,0,0,0,0,0.3384064,0.4366634,0.2158214,0.4029724,
0.402016,0.08697116,0.1266126,0,0.08448867,0.2138628,0.5989024,0.8941318,0.0945526,0,0.1249907,0.3329098,0.1450832,0.1486995,0.2264257,0,0,0,0.6258563,0.1868023,0.184046,1.568664,0,0.318811,0,0,0.1111154,0.1722203,0,0,0,0,0,0,0,0,0.2636573,0.1205935,0.3724293,0.1877295,
0,0,0.04686639,0,0.7021041,0.1556994,0.5730461,1.07607,0,0,0.05099822,0.574593,0.08428659,0.1244312,1.075184,0,0,0.691763,0.07704251,0,0,1.034232,0,0,0.02681814,0.1473822,0,0.1000169,0.02056114,0.1428094,0,0.328385,0.2320276,0.6527268,0.1093366,0,0,0.2646167,0,0,
0,0,0.5883362,0.9809683,0.7941158,0.2841491,0.4825793,0.06249099,0,0,0.09277268,0.07030123,0.4775191,0.528416,0.300844,0.2053616,0.3117702,0,1.36769,0.08173458,0.8144861,0,0.1154966,0.2145711,0.08180001,0,0,0.02728211,0.1170549,0.1018203,0.4213777,0.1422703,0.08267797,0,0,0,0.1553363,0.2424794,0.0268999,0,
0,0.06189135,0,0.04466766,0.255875,0.1613773,0,0.2337701,0,0,0.741108,0.3760535,0.7885401,0.8319924,0.6179163,0,0,0.3056829,0.3108228,1.162205,3.852747,4.213359,1.774522,0,0,0.1606013,0,0,0.3163785,0,0.326012,0,0.08047584,0.1446502,0.396442,0,0,0,0.1266253,0,
0,0.8624567,0.8318139,0.3845763,0.3306259,0.5646978,0.4054678,0.258715,0.1757879,0.3326502,1.019781,0,0.9672238,0.5862908,0,0,0.5185305,0.2621406,0.2286741,0.5598165,3.054766,3.022337,0,0.3180468,0.0476115,0.1289604,0.237095,0,0.09514167,0,0.4720243,0,0.01984615,0.4399768,0,0,0.6060817,0,0.03951731,0,
0,0.6121275,0.3453223,0.1919076,0,0.2964604,0.7175753,0.01194703,0,0.1720753,0,0,0.004678651,0,0.02034316,0.5611912,0,0.8773854,0.6791297,1.395843,0.1873549,0,0,0,0.9895916,0.2902456,0,0.5117173,0,0,0,0,0.04932838,0,0,0,0.1309149,0.2042492,0.4335088,0.07504646,
0.4319119,0.5325807,0.05356227,0,0.4280595,0.9562545,0.05418904,0,0.1817409,0.2948946,0.4137875,0.7964924,0.6566523,1.375263,0.1555053,0.4616971,0.04274314,3.306275,0.123396,0.4527338,0.03857286,0.1427465,0,0,0,0.2070103,0.02377196,0,0,0,0,0.04956439,0.1159451,0.1109192,0,0.1790421,0.03003318,0,0.2532288,0.1175128,
